ticket_no,book_ref,passenger_id,passenger_name,contact_data
TN0000001,BR0216,PID00001,Passenger 1,"{""email"": ""passenger1@example.com""}"
TN0000002,BR0546,PID00002,Passenger 2,"{""email"": ""passenger2@example.com""}"
TN0000003,BR0295,PID00003,Passenger 3,"{""email"": ""passenger3@example.com""}"
TN0000004,BR0596,PID00004,Passenger 4,"{""email"": ""passenger4@example.com""}"
TN0000005,BR0954,PID00005,Passenger 5,"{""email"": ""passenger5@example.com""}"
TN0000006,BR0547,PID00006,Passenger 6,"{""email"": ""passenger6@example.com""}"
TN0000007,BR0110,PID00007,Passenger 7,"{""email"": ""passenger7@example.com""}"
TN0000008,BR0356,PID00008,Passenger 8,"{""email"": ""passenger8@example.com""}"
TN0000009,BR0117,PID00009,Passenger 9,"{""email"": ""passenger9@example.com""}"
TN0000010,BR0325,PID00010,Passenger 10,"{""email"": ""passenger10@example.com""}"
TN0000011,BR0981,PID00011,Passenger 11,"{""email"": ""passenger11@example.com""}"
TN0000012,BR0199,PID00012,Passenger 12,"{""email"": ""passenger12@example.com""}"
TN0000013,BR0353,PID00013,Passenger 13,"{""email"": ""passenger13@example.com""}"
TN0000014,BR0638,PID00014,Passenger 14,"{""email"": ""passenger14@example.com""}"
TN0000015,BR0867,PID00015,Passenger 15,"{""email"": ""passenger15@example.com""}"
TN0000016,BR0645,PID00016,Passenger 16,"{""email"": ""passenger16@example.com""}"
TN0000017,BR0195,PID00017,Passenger 17,"{""email"": ""passenger17@example.com""}"
TN0000018,BR0070,PID00018,Passenger 18,"{""email"": ""passenger18@example.com""}"
TN0000019,BR0085,PID00019,Passenger 19,"{""email"": ""passenger19@example.com""}"
TN0000020,BR0062,PID00020,Passenger 20,"{""email"": ""passenger20@example.com""}"
TN0000021,BR0559,PID00021,Passenger 21,"{""email"": ""passenger21@example.com""}"
TN0000022,BR0543,PID00022,Passenger 22,"{""email"": ""passenger22@example.com""}"
TN0000023,BR0050,PID00023,Passenger 23,"{""email"": ""passenger23@example.com""}"
TN0000024,BR0695,PID00024,Passenger 24,"{""email"": ""passenger24@example.com""}"
TN0000025,BR0778,PID00025,Passenger 25,"{""email"": ""passenger25@example.com""}"
TN0000026,BR0002,PID00026,Passenger 26,"{""email"": ""passenger26@example.com""}"
TN0000027,BR0348,PID00027,Passenger 27,"{""email"": ""passenger27@example.com""}"
TN0000028,BR0046,PID00028,Passenger 28,"{""email"": ""passenger28@example.com""}"
TN0000029,BR0549,PID00029,Passenger 29,"{""email"": ""passenger29@example.com""}"
TN0000030,BR0962,PID00030,Passenger 30,"{""email"": ""passenger30@example.com""}"
TN0000031,BR0821,PID00031,Passenger 31,"{""email"": ""passenger31@example.com""}"
TN0000032,BR0395,PID00032,Passenger 32,"{""email"": ""passenger32@example.com""}"
TN0000033,BR0958,PID00033,Passenger 33,"{""email"": ""passenger33@example.com""}"
TN0000034,BR0228,PID00034,Passenger 34,"{""email"": ""passenger34@example.com""}"
TN0000035,BR0478,PID00035,Passenger 35,"{""email"": ""passenger35@example.com""}"
TN0000036,BR0389,PID00036,Passenger 36,"{""email"": ""passenger36@example.com""}"
TN0000037,BR0139,PID00037,Passenger 37,"{""email"": ""passenger37@example.com""}"
TN0000038,BR0823,PID00038,Passenger 38,"{""email"": ""passenger38@example.com""}"
TN0000039,BR0352,PID00039,Passenger 39,"{""email"": ""passenger39@example.com""}"
TN0000040,BR0123,PID00040,Passenger 40,"{""email"": ""passenger40@example.com""}"
TN0000041,BR0383,PID00041,Passenger 41,"{""email"": ""passenger41@example.com""}"
TN0000042,BR0135,PID00042,Passenger 42,"{""email"": ""passenger42@example.com""}"
TN0000043,BR0778,PID00043,Passenger 43,"{""email"": ""passenger43@example.com""}"
TN0000044,BR0838,PID00044,Passenger 44,"{""email"": ""passenger44@example.com""}"
TN0000045,BR0757,PID00045,Passenger 45,"{""email"": ""passenger45@example.com""}"
TN0000046,BR0303,PID00046,Passenger 46,"{""email"": ""passenger46@example.com""}"
TN0000047,BR0586,PID00047,Passenger 47,"{""email"": ""passenger47@example.com""}"
TN0000048,BR0823,PID00048,Passenger 48,"{""email"": ""passenger48@example.com""}"
TN0000049,BR0246,PID00049,Passenger 49,"{""email"": ""passenger49@example.com""}"
TN0000050,BR0181,PID00050,Passenger 50,"{""email"": ""passenger50@example.com""}"
TN0000051,BR0716,PID00051,Passenger 51,"{""email"": ""passenger51@example.com""}"
TN0000052,BR0745,PID00052,Passenger 52,"{""email"": ""passenger52@example.com""}"
TN0000053,BR0253,PID00053,Passenger 53,"{""email"": ""passenger53@example.com""}"
TN0000054,BR0536,PID00054,Passenger 54,"{""email"": ""passenger54@example.com""}"
TN0000055,BR0318,PID00055,Passenger 55,"{""email"": ""passenger55@example.com""}"
TN0000056,BR0085,PID00056,Passenger 56,"{""email"": ""passenger56@example.com""}"
TN0000057,BR0050,PID00057,Passenger 57,"{""email"": ""passenger57@example.com""}"
TN0000058,BR0742,PID00058,Passenger 58,"{""email"": ""passenger58@example.com""}"
TN0000059,BR0660,PID00059,Passenger 59,"{""email"": ""passenger59@example.com""}"
TN0000060,BR0044,PID00060,Passenger 60,"{""email"": ""passenger60@example.com""}"
TN0000061,BR0759,PID00061,Passenger 61,"{""email"": ""passenger61@example.com""}"
TN0000062,BR0727,PID00062,Passenger 62,"{""email"": ""passenger62@example.com""}"
TN0000063,BR0529,PID00063,Passenger 63,"{""email"": ""passenger63@example.com""}"
TN0000064,BR0202,PID00064,Passenger 64,"{""email"": ""passenger64@example.com""}"
TN0000065,BR0296,PID00065,Passenger 65,"{""email"": ""passenger65@example.com""}"
TN0000066,BR0207,PID00066,Passenger 66,"{""email"": ""passenger66@example.com""}"
TN0000067,BR0789,PID00067,Passenger 67,"{""email"": ""passenger67@example.com""}"
TN0000068,BR0552,PID00068,Passenger 68,"{""email"": ""passenger68@example.com""}"
TN0000069,BR0262,PID00069,Passenger 69,"{""email"": ""passenger69@example.com""}"
TN0000070,BR0205,PID00070,Passenger 70,"{""email"": ""passenger70@example.com""}"
TN0000071,BR0725,PID00071,Passenger 71,"{""email"": ""passenger71@example.com""}"
TN0000072,BR0943,PID00072,Passenger 72,"{""email"": ""passenger72@example.com""}"
TN0000073,BR0149,PID00073,Passenger 73,"{""email"": ""passenger73@example.com""}"
TN0000074,BR0976,PID00074,Passenger 74,"{""email"": ""passenger74@example.com""}"
TN0000075,BR0280,PID00075,Passenger 75,"{""email"": ""passenger75@example.com""}"
TN0000076,BR0364,PID00076,Passenger 76,"{""email"": ""passenger76@example.com""}"
TN0000077,BR0474,PID00077,Passenger 77,"{""email"": ""passenger77@example.com""}"
TN0000078,BR0072,PID00078,Passenger 78,"{""email"": ""passenger78@example.com""}"
TN0000079,BR0075,PID00079,Passenger 79,"{""email"": ""passenger79@example.com""}"
TN0000080,BR0282,PID00080,Passenger 80,"{""email"": ""passenger80@example.com""}"
TN0000081,BR0657,PID00081,Passenger 81,"{""email"": ""passenger81@example.com""}"
TN0000082,BR0758,PID00082,Passenger 82,"{""email"": ""passenger82@example.com""}"
TN0000083,BR0271,PID00083,Passenger 83,"{""email"": ""passenger83@example.com""}"
TN0000084,BR0659,PID00084,Passenger 84,"{""email"": ""passenger84@example.com""}"
TN0000085,BR0300,PID00085,Passenger 85,"{""email"": ""passenger85@example.com""}"
TN0000086,BR0625,PID00086,Passenger 86,"{""email"": ""passenger86@example.com""}"
TN0000087,BR0291,PID00087,Passenger 87,"{""email"": ""passenger87@example.com""}"
TN0000088,BR0011,PID00088,Passenger 88,"{""email"": ""passenger88@example.com""}"
TN0000089,BR0063,PID00089,Passenger 89,"{""email"": ""passenger89@example.com""}"
TN0000090,BR0563,PID00090,Passenger 90,"{""email"": ""passenger90@example.com""}"
TN0000091,BR0878,PID00091,Passenger 91,"{""email"": ""passenger91@example.com""}"
TN0000092,BR0882,PID00092,Passenger 92,"{""email"": ""passenger92@example.com""}"
TN0000093,BR0641,PID00093,Passenger 93,"{""email"": ""passenger93@example.com""}"
TN0000094,BR0239,PID00094,Passenger 94,"{""email"": ""passenger94@example.com""}"
TN0000095,BR0784,PID00095,Passenger 95,"{""email"": ""passenger95@example.com""}"
TN0000096,BR0574,PID00096,Passenger 96,"{""email"": ""passenger96@example.com""}"
TN0000097,BR0069,PID00097,Passenger 97,"{""email"": ""passenger97@example.com""}"
TN0000098,BR0299,PID00098,Passenger 98,"{""email"": ""passenger98@example.com""}"
TN0000099,BR0163,PID00099,Passenger 99,"{""email"": ""passenger99@example.com""}"
TN0000100,BR0570,PID00100,Passenger 100,"{""email"": ""passenger100@example.com""}"
TN0000101,BR0355,PID00101,Passenger 101,"{""email"": ""passenger101@example.com""}"
TN0000102,BR0243,PID00102,Passenger 102,"{""email"": ""passenger102@example.com""}"
TN0000103,BR0605,PID00103,Passenger 103,"{""email"": ""passenger103@example.com""}"
TN0000104,BR0603,PID00104,Passenger 104,"{""email"": ""passenger104@example.com""}"
TN0000105,BR0074,PID00105,Passenger 105,"{""email"": ""passenger105@example.com""}"
TN0000106,BR0981,PID00106,Passenger 106,"{""email"": ""passenger106@example.com""}"
TN0000107,BR0089,PID00107,Passenger 107,"{""email"": ""passenger107@example.com""}"
TN0000108,BR0135,PID00108,Passenger 108,"{""email"": ""passenger108@example.com""}"
TN0000109,BR0795,PID00109,Passenger 109,"{""email"": ""passenger109@example.com""}"
TN0000110,BR0456,PID00110,Passenger 110,"{""email"": ""passenger110@example.com""}"
TN0000111,BR0644,PID00111,Passenger 111,"{""email"": ""passenger111@example.com""}"
TN0000112,BR0118,PID00112,Passenger 112,"{""email"": ""passenger112@example.com""}"
TN0000113,BR0954,PID00113,Passenger 113,"{""email"": ""passenger113@example.com""}"
TN0000114,BR0493,PID00114,Passenger 114,"{""email"": ""passenger114@example.com""}"
TN0000115,BR0164,PID00115,Passenger 115,"{""email"": ""passenger115@example.com""}"
TN0000116,BR0232,PID00116,Passenger 116,"{""email"": ""passenger116@example.com""}"
TN0000117,BR0072,PID00117,Passenger 117,"{""email"": ""passenger117@example.com""}"
TN0000118,BR0754,PID00118,Passenger 118,"{""email"": ""passenger118@example.com""}"
TN0000119,BR0360,PID00119,Passenger 119,"{""email"": ""passenger119@example.com""}"
TN0000120,BR0272,PID00120,Passenger 120,"{""email"": ""passenger120@example.com""}"
TN0000121,BR0242,PID00121,Passenger 121,"{""email"": ""passenger121@example.com""}"
TN0000122,BR0033,PID00122,Passenger 122,"{""email"": ""passenger122@example.com""}"
TN0000123,BR0097,PID00123,Passenger 123,"{""email"": ""passenger123@example.com""}"
TN0000124,BR0981,PID00124,Passenger 124,"{""email"": ""passenger124@example.com""}"
TN0000125,BR0514,PID00125,Passenger 125,"{""email"": ""passenger125@example.com""}"
TN0000126,BR0904,PID00126,Passenger 126,"{""email"": ""passenger126@example.com""}"
TN0000127,BR0795,PID00127,Passenger 127,"{""email"": ""passenger127@example.com""}"
TN0000128,BR0971,PID00128,Passenger 128,"{""email"": ""passenger128@example.com""}"
TN0000129,BR0095,PID00129,Passenger 129,"{""email"": ""passenger129@example.com""}"
TN0000130,BR0150,PID00130,Passenger 130,"{""email"": ""passenger130@example.com""}"
TN0000131,BR0747,PID00131,Passenger 131,"{""email"": ""passenger131@example.com""}"
TN0000132,BR0314,PID00132,Passenger 132,"{""email"": ""passenger132@example.com""}"
TN0000133,BR0195,PID00133,Passenger 133,"{""email"": ""passenger133@example.com""}"
TN0000134,BR0083,PID00134,Passenger 134,"{""email"": ""passenger134@example.com""}"
TN0000135,BR0762,PID00135,Passenger 135,"{""email"": ""passenger135@example.com""}"
TN0000136,BR0100,PID00136,Passenger 136,"{""email"": ""passenger136@example.com""}"
TN0000137,BR0120,PID00137,Passenger 137,"{""email"": ""passenger137@example.com""}"
TN0000138,BR0563,PID00138,Passenger 138,"{""email"": ""passenger138@example.com""}"
TN0000139,BR0518,PID00139,Passenger 139,"{""email"": ""passenger139@example.com""}"
TN0000140,BR0223,PID00140,Passenger 140,"{""email"": ""passenger140@example.com""}"
TN0000141,BR0734,PID00141,Passenger 141,"{""email"": ""passenger141@example.com""}"
TN0000142,BR0398,PID00142,Passenger 142,"{""email"": ""passenger142@example.com""}"
TN0000143,BR0825,PID00143,Passenger 143,"{""email"": ""passenger143@example.com""}"
TN0000144,BR0718,PID00144,Passenger 144,"{""email"": ""passenger144@example.com""}"
TN0000145,BR0502,PID00145,Passenger 145,"{""email"": ""passenger145@example.com""}"
TN0000146,BR0843,PID00146,Passenger 146,"{""email"": ""passenger146@example.com""}"
TN0000147,BR0033,PID00147,Passenger 147,"{""email"": ""passenger147@example.com""}"
TN0000148,BR0362,PID00148,Passenger 148,"{""email"": ""passenger148@example.com""}"
TN0000149,BR0223,PID00149,Passenger 149,"{""email"": ""passenger149@example.com""}"
TN0000150,BR0944,PID00150,Passenger 150,"{""email"": ""passenger150@example.com""}"
TN0000151,BR0532,PID00151,Passenger 151,"{""email"": ""passenger151@example.com""}"
TN0000152,BR0348,PID00152,Passenger 152,"{""email"": ""passenger152@example.com""}"
TN0000153,BR0191,PID00153,Passenger 153,"{""email"": ""passenger153@example.com""}"
TN0000154,BR0777,PID00154,Passenger 154,"{""email"": ""passenger154@example.com""}"
TN0000155,BR0849,PID00155,Passenger 155,"{""email"": ""passenger155@example.com""}"
TN0000156,BR0958,PID00156,Passenger 156,"{""email"": ""passenger156@example.com""}"
TN0000157,BR0741,PID00157,Passenger 157,"{""email"": ""passenger157@example.com""}"
TN0000158,BR0027,PID00158,Passenger 158,"{""email"": ""passenger158@example.com""}"
TN0000159,BR0966,PID00159,Passenger 159,"{""email"": ""passenger159@example.com""}"
TN0000160,BR0585,PID00160,Passenger 160,"{""email"": ""passenger160@example.com""}"
TN0000161,BR0308,PID00161,Passenger 161,"{""email"": ""passenger161@example.com""}"
TN0000162,BR0553,PID00162,Passenger 162,"{""email"": ""passenger162@example.com""}"
TN0000163,BR0530,PID00163,Passenger 163,"{""email"": ""passenger163@example.com""}"
TN0000164,BR0790,PID00164,Passenger 164,"{""email"": ""passenger164@example.com""}"
TN0000165,BR0270,PID00165,Passenger 165,"{""email"": ""passenger165@example.com""}"
TN0000166,BR0280,PID00166,Passenger 166,"{""email"": ""passenger166@example.com""}"
TN0000167,BR0611,PID00167,Passenger 167,"{""email"": ""passenger167@example.com""}"
TN0000168,BR0357,PID00168,Passenger 168,"{""email"": ""passenger168@example.com""}"
TN0000169,BR0662,PID00169,Passenger 169,"{""email"": ""passenger169@example.com""}"
TN0000170,BR0930,PID00170,Passenger 170,"{""email"": ""passenger170@example.com""}"
TN0000171,BR0639,PID00171,Passenger 171,"{""email"": ""passenger171@example.com""}"
TN0000172,BR0145,PID00172,Passenger 172,"{""email"": ""passenger172@example.com""}"
TN0000173,BR0828,PID00173,Passenger 173,"{""email"": ""passenger173@example.com""}"
TN0000174,BR0635,PID00174,Passenger 174,"{""email"": ""passenger174@example.com""}"
TN0000175,BR0354,PID00175,Passenger 175,"{""email"": ""passenger175@example.com""}"
TN0000176,BR0323,PID00176,Passenger 176,"{""email"": ""passenger176@example.com""}"
TN0000177,BR0256,PID00177,Passenger 177,"{""email"": ""passenger177@example.com""}"
TN0000178,BR0026,PID00178,Passenger 178,"{""email"": ""passenger178@example.com""}"
TN0000179,BR0387,PID00179,Passenger 179,"{""email"": ""passenger179@example.com""}"
TN0000180,BR0715,PID00180,Passenger 180,"{""email"": ""passenger180@example.com""}"
TN0000181,BR0899,PID00181,Passenger 181,"{""email"": ""passenger181@example.com""}"
TN0000182,BR0442,PID00182,Passenger 182,"{""email"": ""passenger182@example.com""}"
TN0000183,BR0854,PID00183,Passenger 183,"{""email"": ""passenger183@example.com""}"
TN0000184,BR0382,PID00184,Passenger 184,"{""email"": ""passenger184@example.com""}"
TN0000185,BR0927,PID00185,Passenger 185,"{""email"": ""passenger185@example.com""}"
TN0000186,BR0674,PID00186,Passenger 186,"{""email"": ""passenger186@example.com""}"
TN0000187,BR0142,PID00187,Passenger 187,"{""email"": ""passenger187@example.com""}"
TN0000188,BR0339,PID00188,Passenger 188,"{""email"": ""passenger188@example.com""}"
TN0000189,BR0894,PID00189,Passenger 189,"{""email"": ""passenger189@example.com""}"
TN0000190,BR0109,PID00190,Passenger 190,"{""email"": ""passenger190@example.com""}"
TN0000191,BR0149,PID00191,Passenger 191,"{""email"": ""passenger191@example.com""}"
TN0000192,BR0194,PID00192,Passenger 192,"{""email"": ""passenger192@example.com""}"
TN0000193,BR0686,PID00193,Passenger 193,"{""email"": ""passenger193@example.com""}"
TN0000194,BR0762,PID00194,Passenger 194,"{""email"": ""passenger194@example.com""}"
TN0000195,BR0505,PID00195,Passenger 195,"{""email"": ""passenger195@example.com""}"
TN0000196,BR0335,PID00196,Passenger 196,"{""email"": ""passenger196@example.com""}"
TN0000197,BR0013,PID00197,Passenger 197,"{""email"": ""passenger197@example.com""}"
TN0000198,BR0563,PID00198,Passenger 198,"{""email"": ""passenger198@example.com""}"
TN0000199,BR0669,PID00199,Passenger 199,"{""email"": ""passenger199@example.com""}"
TN0000200,BR0471,PID00200,Passenger 200,"{""email"": ""passenger200@example.com""}"
TN0000201,BR0217,PID00201,Passenger 201,"{""email"": ""passenger201@example.com""}"
TN0000202,BR0994,PID00202,Passenger 202,"{""email"": ""passenger202@example.com""}"
TN0000203,BR0790,PID00203,Passenger 203,"{""email"": ""passenger203@example.com""}"
TN0000204,BR0221,PID00204,Passenger 204,"{""email"": ""passenger204@example.com""}"
TN0000205,BR0366,PID00205,Passenger 205,"{""email"": ""passenger205@example.com""}"
TN0000206,BR0545,PID00206,Passenger 206,"{""email"": ""passenger206@example.com""}"
TN0000207,BR0755,PID00207,Passenger 207,"{""email"": ""passenger207@example.com""}"
TN0000208,BR0960,PID00208,Passenger 208,"{""email"": ""passenger208@example.com""}"
TN0000209,BR0539,PID00209,Passenger 209,"{""email"": ""passenger209@example.com""}"
TN0000210,BR0079,PID00210,Passenger 210,"{""email"": ""passenger210@example.com""}"
TN0000211,BR0758,PID00211,Passenger 211,"{""email"": ""passenger211@example.com""}"
TN0000212,BR0545,PID00212,Passenger 212,"{""email"": ""passenger212@example.com""}"
TN0000213,BR0256,PID00213,Passenger 213,"{""email"": ""passenger213@example.com""}"
TN0000214,BR0552,PID00214,Passenger 214,"{""email"": ""passenger214@example.com""}"
TN0000215,BR0247,PID00215,Passenger 215,"{""email"": ""passenger215@example.com""}"
TN0000216,BR0014,PID00216,Passenger 216,"{""email"": ""passenger216@example.com""}"
TN0000217,BR0303,PID00217,Passenger 217,"{""email"": ""passenger217@example.com""}"
TN0000218,BR0004,PID00218,Passenger 218,"{""email"": ""passenger218@example.com""}"
TN0000219,BR0409,PID00219,Passenger 219,"{""email"": ""passenger219@example.com""}"
TN0000220,BR0543,PID00220,Passenger 220,"{""email"": ""passenger220@example.com""}"
TN0000221,BR0201,PID00221,Passenger 221,"{""email"": ""passenger221@example.com""}"
TN0000222,BR0702,PID00222,Passenger 222,"{""email"": ""passenger222@example.com""}"
TN0000223,BR0951,PID00223,Passenger 223,"{""email"": ""passenger223@example.com""}"
TN0000224,BR0765,PID00224,Passenger 224,"{""email"": ""passenger224@example.com""}"
TN0000225,BR0185,PID00225,Passenger 225,"{""email"": ""passenger225@example.com""}"
TN0000226,BR0476,PID00226,Passenger 226,"{""email"": ""passenger226@example.com""}"
TN0000227,BR0728,PID00227,Passenger 227,"{""email"": ""passenger227@example.com""}"
TN0000228,BR0639,PID00228,Passenger 228,"{""email"": ""passenger228@example.com""}"
TN0000229,BR0414,PID00229,Passenger 229,"{""email"": ""passenger229@example.com""}"
TN0000230,BR0279,PID00230,Passenger 230,"{""email"": ""passenger230@example.com""}"
TN0000231,BR0002,PID00231,Passenger 231,"{""email"": ""passenger231@example.com""}"
TN0000232,BR0218,PID00232,Passenger 232,"{""email"": ""passenger232@example.com""}"
TN0000233,BR0507,PID00233,Passenger 233,"{""email"": ""passenger233@example.com""}"
TN0000234,BR0441,PID00234,Passenger 234,"{""email"": ""passenger234@example.com""}"
TN0000235,BR0179,PID00235,Passenger 235,"{""email"": ""passenger235@example.com""}"
TN0000236,BR0898,PID00236,Passenger 236,"{""email"": ""passenger236@example.com""}"
TN0000237,BR0480,PID00237,Passenger 237,"{""email"": ""passenger237@example.com""}"
TN0000238,BR0353,PID00238,Passenger 238,"{""email"": ""passenger238@example.com""}"
TN0000239,BR0583,PID00239,Passenger 239,"{""email"": ""passenger239@example.com""}"
TN0000240,BR0139,PID00240,Passenger 240,"{""email"": ""passenger240@example.com""}"
TN0000241,BR0302,PID00241,Passenger 241,"{""email"": ""passenger241@example.com""}"
TN0000242,BR0883,PID00242,Passenger 242,"{""email"": ""passenger242@example.com""}"
TN0000243,BR0409,PID00243,Passenger 243,"{""email"": ""passenger243@example.com""}"
TN0000244,BR0935,PID00244,Passenger 244,"{""email"": ""passenger244@example.com""}"
TN0000245,BR0754,PID00245,Passenger 245,"{""email"": ""passenger245@example.com""}"
TN0000246,BR0473,PID00246,Passenger 246,"{""email"": ""passenger246@example.com""}"
TN0000247,BR0408,PID00247,Passenger 247,"{""email"": ""passenger247@example.com""}"
TN0000248,BR0824,PID00248,Passenger 248,"{""email"": ""passenger248@example.com""}"
TN0000249,BR0501,PID00249,Passenger 249,"{""email"": ""passenger249@example.com""}"
TN0000250,BR0213,PID00250,Passenger 250,"{""email"": ""passenger250@example.com""}"
TN0000251,BR0075,PID00251,Passenger 251,"{""email"": ""passenger251@example.com""}"
TN0000252,BR0061,PID00252,Passenger 252,"{""email"": ""passenger252@example.com""}"
TN0000253,BR0078,PID00253,Passenger 253,"{""email"": ""passenger253@example.com""}"
TN0000254,BR0201,PID00254,Passenger 254,"{""email"": ""passenger254@example.com""}"
TN0000255,BR0489,PID00255,Passenger 255,"{""email"": ""passenger255@example.com""}"
TN0000256,BR0118,PID00256,Passenger 256,"{""email"": ""passenger256@example.com""}"
TN0000257,BR0264,PID00257,Passenger 257,"{""email"": ""passenger257@example.com""}"
TN0000258,BR0420,PID00258,Passenger 258,"{""email"": ""passenger258@example.com""}"
TN0000259,BR0285,PID00259,Passenger 259,"{""email"": ""passenger259@example.com""}"
TN0000260,BR0031,PID00260,Passenger 260,"{""email"": ""passenger260@example.com""}"
TN0000261,BR0340,PID00261,Passenger 261,"{""email"": ""passenger261@example.com""}"
TN0000262,BR0454,PID00262,Passenger 262,"{""email"": ""passenger262@example.com""}"
TN0000263,BR0535,PID00263,Passenger 263,"{""email"": ""passenger263@example.com""}"
TN0000264,BR0645,PID00264,Passenger 264,"{""email"": ""passenger264@example.com""}"
TN0000265,BR0169,PID00265,Passenger 265,"{""email"": ""passenger265@example.com""}"
TN0000266,BR0005,PID00266,Passenger 266,"{""email"": ""passenger266@example.com""}"
TN0000267,BR0896,PID00267,Passenger 267,"{""email"": ""passenger267@example.com""}"
TN0000268,BR0817,PID00268,Passenger 268,"{""email"": ""passenger268@example.com""}"
TN0000269,BR0913,PID00269,Passenger 269,"{""email"": ""passenger269@example.com""}"
TN0000270,BR0673,PID00270,Passenger 270,"{""email"": ""passenger270@example.com""}"
TN0000271,BR0156,PID00271,Passenger 271,"{""email"": ""passenger271@example.com""}"
TN0000272,BR0571,PID00272,Passenger 272,"{""email"": ""passenger272@example.com""}"
TN0000273,BR0302,PID00273,Passenger 273,"{""email"": ""passenger273@example.com""}"
TN0000274,BR0212,PID00274,Passenger 274,"{""email"": ""passenger274@example.com""}"
TN0000275,BR0489,PID00275,Passenger 275,"{""email"": ""passenger275@example.com""}"
TN0000276,BR0615,PID00276,Passenger 276,"{""email"": ""passenger276@example.com""}"
TN0000277,BR0914,PID00277,Passenger 277,"{""email"": ""passenger277@example.com""}"
TN0000278,BR0413,PID00278,Passenger 278,"{""email"": ""passenger278@example.com""}"
TN0000279,BR0022,PID00279,Passenger 279,"{""email"": ""passenger279@example.com""}"
TN0000280,BR0029,PID00280,Passenger 280,"{""email"": ""passenger280@example.com""}"
TN0000281,BR0595,PID00281,Passenger 281,"{""email"": ""passenger281@example.com""}"
TN0000282,BR0613,PID00282,Passenger 282,"{""email"": ""passenger282@example.com""}"
TN0000283,BR0575,PID00283,Passenger 283,"{""email"": ""passenger283@example.com""}"
TN0000284,BR0473,PID00284,Passenger 284,"{""email"": ""passenger284@example.com""}"
TN0000285,BR0800,PID00285,Passenger 285,"{""email"": ""passenger285@example.com""}"
TN0000286,BR0745,PID00286,Passenger 286,"{""email"": ""passenger286@example.com""}"
TN0000287,BR0132,PID00287,Passenger 287,"{""email"": ""passenger287@example.com""}"
TN0000288,BR0477,PID00288,Passenger 288,"{""email"": ""passenger288@example.com""}"
TN0000289,BR0145,PID00289,Passenger 289,"{""email"": ""passenger289@example.com""}"
TN0000290,BR0979,PID00290,Passenger 290,"{""email"": ""passenger290@example.com""}"
TN0000291,BR0145,PID00291,Passenger 291,"{""email"": ""passenger291@example.com""}"
TN0000292,BR0507,PID00292,Passenger 292,"{""email"": ""passenger292@example.com""}"
TN0000293,BR0957,PID00293,Passenger 293,"{""email"": ""passenger293@example.com""}"
TN0000294,BR0991,PID00294,Passenger 294,"{""email"": ""passenger294@example.com""}"
TN0000295,BR0144,PID00295,Passenger 295,"{""email"": ""passenger295@example.com""}"
TN0000296,BR0398,PID00296,Passenger 296,"{""email"": ""passenger296@example.com""}"
TN0000297,BR0307,PID00297,Passenger 297,"{""email"": ""passenger297@example.com""}"
TN0000298,BR0096,PID00298,Passenger 298,"{""email"": ""passenger298@example.com""}"
TN0000299,BR0835,PID00299,Passenger 299,"{""email"": ""passenger299@example.com""}"
TN0000300,BR0702,PID00300,Passenger 300,"{""email"": ""passenger300@example.com""}"
TN0000301,BR0593,PID00301,Passenger 301,"{""email"": ""passenger301@example.com""}"
TN0000302,BR0960,PID00302,Passenger 302,"{""email"": ""passenger302@example.com""}"
TN0000303,BR0893,PID00303,Passenger 303,"{""email"": ""passenger303@example.com""}"
TN0000304,BR0664,PID00304,Passenger 304,"{""email"": ""passenger304@example.com""}"
TN0000305,BR0459,PID00305,Passenger 305,"{""email"": ""passenger305@example.com""}"
TN0000306,BR0782,PID00306,Passenger 306,"{""email"": ""passenger306@example.com""}"
TN0000307,BR0847,PID00307,Passenger 307,"{""email"": ""passenger307@example.com""}"
TN0000308,BR0861,PID00308,Passenger 308,"{""email"": ""passenger308@example.com""}"
TN0000309,BR0985,PID00309,Passenger 309,"{""email"": ""passenger309@example.com""}"
TN0000310,BR0737,PID00310,Passenger 310,"{""email"": ""passenger310@example.com""}"
TN0000311,BR0156,PID00311,Passenger 311,"{""email"": ""passenger311@example.com""}"
TN0000312,BR0826,PID00312,Passenger 312,"{""email"": ""passenger312@example.com""}"
TN0000313,BR0583,PID00313,Passenger 313,"{""email"": ""passenger313@example.com""}"
TN0000314,BR0225,PID00314,Passenger 314,"{""email"": ""passenger314@example.com""}"
TN0000315,BR0429,PID00315,Passenger 315,"{""email"": ""passenger315@example.com""}"
TN0000316,BR0554,PID00316,Passenger 316,"{""email"": ""passenger316@example.com""}"
TN0000317,BR0443,PID00317,Passenger 317,"{""email"": ""passenger317@example.com""}"
TN0000318,BR0228,PID00318,Passenger 318,"{""email"": ""passenger318@example.com""}"
TN0000319,BR0782,PID00319,Passenger 319,"{""email"": ""passenger319@example.com""}"
TN0000320,BR0212,PID00320,Passenger 320,"{""email"": ""passenger320@example.com""}"
TN0000321,BR0646,PID00321,Passenger 321,"{""email"": ""passenger321@example.com""}"
TN0000322,BR0665,PID00322,Passenger 322,"{""email"": ""passenger322@example.com""}"
TN0000323,BR0668,PID00323,Passenger 323,"{""email"": ""passenger323@example.com""}"
TN0000324,BR0395,PID00324,Passenger 324,"{""email"": ""passenger324@example.com""}"
TN0000325,BR0608,PID00325,Passenger 325,"{""email"": ""passenger325@example.com""}"
TN0000326,BR0696,PID00326,Passenger 326,"{""email"": ""passenger326@example.com""}"
TN0000327,BR0229,PID00327,Passenger 327,"{""email"": ""passenger327@example.com""}"
TN0000328,BR0362,PID00328,Passenger 328,"{""email"": ""passenger328@example.com""}"
TN0000329,BR0481,PID00329,Passenger 329,"{""email"": ""passenger329@example.com""}"
TN0000330,BR0314,PID00330,Passenger 330,"{""email"": ""passenger330@example.com""}"
TN0000331,BR0791,PID00331,Passenger 331,"{""email"": ""passenger331@example.com""}"
TN0000332,BR0356,PID00332,Passenger 332,"{""email"": ""passenger332@example.com""}"
TN0000333,BR0540,PID00333,Passenger 333,"{""email"": ""passenger333@example.com""}"
TN0000334,BR0418,PID00334,Passenger 334,"{""email"": ""passenger334@example.com""}"
TN0000335,BR0801,PID00335,Passenger 335,"{""email"": ""passenger335@example.com""}"
TN0000336,BR0388,PID00336,Passenger 336,"{""email"": ""passenger336@example.com""}"
TN0000337,BR0556,PID00337,Passenger 337,"{""email"": ""passenger337@example.com""}"
TN0000338,BR0487,PID00338,Passenger 338,"{""email"": ""passenger338@example.com""}"
TN0000339,BR0541,PID00339,Passenger 339,"{""email"": ""passenger339@example.com""}"
TN0000340,BR0212,PID00340,Passenger 340,"{""email"": ""passenger340@example.com""}"
TN0000341,BR0728,PID00341,Passenger 341,"{""email"": ""passenger341@example.com""}"
TN0000342,BR0696,PID00342,Passenger 342,"{""email"": ""passenger342@example.com""}"
TN0000343,BR0260,PID00343,Passenger 343,"{""email"": ""passenger343@example.com""}"
TN0000344,BR0366,PID00344,Passenger 344,"{""email"": ""passenger344@example.com""}"
TN0000345,BR0017,PID00345,Passenger 345,"{""email"": ""passenger345@example.com""}"
TN0000346,BR0417,PID00346,Passenger 346,"{""email"": ""passenger346@example.com""}"
TN0000347,BR0459,PID00347,Passenger 347,"{""email"": ""passenger347@example.com""}"
TN0000348,BR0861,PID00348,Passenger 348,"{""email"": ""passenger348@example.com""}"
TN0000349,BR0476,PID00349,Passenger 349,"{""email"": ""passenger349@example.com""}"
TN0000350,BR0395,PID00350,Passenger 350,"{""email"": ""passenger350@example.com""}"
TN0000351,BR0327,PID00351,Passenger 351,"{""email"": ""passenger351@example.com""}"
TN0000352,BR0590,PID00352,Passenger 352,"{""email"": ""passenger352@example.com""}"
TN0000353,BR0811,PID00353,Passenger 353,"{""email"": ""passenger353@example.com""}"
TN0000354,BR0138,PID00354,Passenger 354,"{""email"": ""passenger354@example.com""}"
TN0000355,BR0072,PID00355,Passenger 355,"{""email"": ""passenger355@example.com""}"
TN0000356,BR0769,PID00356,Passenger 356,"{""email"": ""passenger356@example.com""}"
TN0000357,BR0106,PID00357,Passenger 357,"{""email"": ""passenger357@example.com""}"
TN0000358,BR0436,PID00358,Passenger 358,"{""email"": ""passenger358@example.com""}"
TN0000359,BR0431,PID00359,Passenger 359,"{""email"": ""passenger359@example.com""}"
TN0000360,BR0260,PID00360,Passenger 360,"{""email"": ""passenger360@example.com""}"
TN0000361,BR0386,PID00361,Passenger 361,"{""email"": ""passenger361@example.com""}"
TN0000362,BR0180,PID00362,Passenger 362,"{""email"": ""passenger362@example.com""}"
TN0000363,BR0488,PID00363,Passenger 363,"{""email"": ""passenger363@example.com""}"
TN0000364,BR0395,PID00364,Passenger 364,"{""email"": ""passenger364@example.com""}"
TN0000365,BR0406,PID00365,Passenger 365,"{""email"": ""passenger365@example.com""}"
TN0000366,BR0257,PID00366,Passenger 366,"{""email"": ""passenger366@example.com""}"
TN0000367,BR0751,PID00367,Passenger 367,"{""email"": ""passenger367@example.com""}"
TN0000368,BR0111,PID00368,Passenger 368,"{""email"": ""passenger368@example.com""}"
TN0000369,BR0527,PID00369,Passenger 369,"{""email"": ""passenger369@example.com""}"
TN0000370,BR0532,PID00370,Passenger 370,"{""email"": ""passenger370@example.com""}"
TN0000371,BR0023,PID00371,Passenger 371,"{""email"": ""passenger371@example.com""}"
TN0000372,BR0165,PID00372,Passenger 372,"{""email"": ""passenger372@example.com""}"
TN0000373,BR0262,PID00373,Passenger 373,"{""email"": ""passenger373@example.com""}"
TN0000374,BR0360,PID00374,Passenger 374,"{""email"": ""passenger374@example.com""}"
TN0000375,BR0871,PID00375,Passenger 375,"{""email"": ""passenger375@example.com""}"
TN0000376,BR0550,PID00376,Passenger 376,"{""email"": ""passenger376@example.com""}"
TN0000377,BR0317,PID00377,Passenger 377,"{""email"": ""passenger377@example.com""}"
TN0000378,BR0219,PID00378,Passenger 378,"{""email"": ""passenger378@example.com""}"
TN0000379,BR0626,PID00379,Passenger 379,"{""email"": ""passenger379@example.com""}"
TN0000380,BR0516,PID00380,Passenger 380,"{""email"": ""passenger380@example.com""}"
TN0000381,BR0489,PID00381,Passenger 381,"{""email"": ""passenger381@example.com""}"
TN0000382,BR0582,PID00382,Passenger 382,"{""email"": ""passenger382@example.com""}"
TN0000383,BR0635,PID00383,Passenger 383,"{""email"": ""passenger383@example.com""}"
TN0000384,BR0491,PID00384,Passenger 384,"{""email"": ""passenger384@example.com""}"
TN0000385,BR0522,PID00385,Passenger 385,"{""email"": ""passenger385@example.com""}"
TN0000386,BR0044,PID00386,Passenger 386,"{""email"": ""passenger386@example.com""}"
TN0000387,BR0577,PID00387,Passenger 387,"{""email"": ""passenger387@example.com""}"
TN0000388,BR0242,PID00388,Passenger 388,"{""email"": ""passenger388@example.com""}"
TN0000389,BR0777,PID00389,Passenger 389,"{""email"": ""passenger389@example.com""}"
TN0000390,BR0446,PID00390,Passenger 390,"{""email"": ""passenger390@example.com""}"
TN0000391,BR0251,PID00391,Passenger 391,"{""email"": ""passenger391@example.com""}"
TN0000392,BR0515,PID00392,Passenger 392,"{""email"": ""passenger392@example.com""}"
TN0000393,BR0155,PID00393,Passenger 393,"{""email"": ""passenger393@example.com""}"
TN0000394,BR0829,PID00394,Passenger 394,"{""email"": ""passenger394@example.com""}"
TN0000395,BR0220,PID00395,Passenger 395,"{""email"": ""passenger395@example.com""}"
TN0000396,BR0393,PID00396,Passenger 396,"{""email"": ""passenger396@example.com""}"
TN0000397,BR0960,PID00397,Passenger 397,"{""email"": ""passenger397@example.com""}"
TN0000398,BR0314,PID00398,Passenger 398,"{""email"": ""passenger398@example.com""}"
TN0000399,BR0658,PID00399,Passenger 399,"{""email"": ""passenger399@example.com""}"
TN0000400,BR0792,PID00400,Passenger 400,"{""email"": ""passenger400@example.com""}"
TN0000401,BR0278,PID00401,Passenger 401,"{""email"": ""passenger401@example.com""}"
TN0000402,BR0391,PID00402,Passenger 402,"{""email"": ""passenger402@example.com""}"
TN0000403,BR0243,PID00403,Passenger 403,"{""email"": ""passenger403@example.com""}"
TN0000404,BR0901,PID00404,Passenger 404,"{""email"": ""passenger404@example.com""}"
TN0000405,BR0830,PID00405,Passenger 405,"{""email"": ""passenger405@example.com""}"
TN0000406,BR0322,PID00406,Passenger 406,"{""email"": ""passenger406@example.com""}"
TN0000407,BR0990,PID00407,Passenger 407,"{""email"": ""passenger407@example.com""}"
TN0000408,BR0091,PID00408,Passenger 408,"{""email"": ""passenger408@example.com""}"
TN0000409,BR0027,PID00409,Passenger 409,"{""email"": ""passenger409@example.com""}"
TN0000410,BR0640,PID00410,Passenger 410,"{""email"": ""passenger410@example.com""}"
TN0000411,BR0751,PID00411,Passenger 411,"{""email"": ""passenger411@example.com""}"
TN0000412,BR0346,PID00412,Passenger 412,"{""email"": ""passenger412@example.com""}"
TN0000413,BR0201,PID00413,Passenger 413,"{""email"": ""passenger413@example.com""}"
TN0000414,BR0352,PID00414,Passenger 414,"{""email"": ""passenger414@example.com""}"
TN0000415,BR0736,PID00415,Passenger 415,"{""email"": ""passenger415@example.com""}"
TN0000416,BR0489,PID00416,Passenger 416,"{""email"": ""passenger416@example.com""}"
TN0000417,BR0052,PID00417,Passenger 417,"{""email"": ""passenger417@example.com""}"
TN0000418,BR0140,PID00418,Passenger 418,"{""email"": ""passenger418@example.com""}"
TN0000419,BR0750,PID00419,Passenger 419,"{""email"": ""passenger419@example.com""}"
TN0000420,BR0443,PID00420,Passenger 420,"{""email"": ""passenger420@example.com""}"
TN0000421,BR0112,PID00421,Passenger 421,"{""email"": ""passenger421@example.com""}"
TN0000422,BR0194,PID00422,Passenger 422,"{""email"": ""passenger422@example.com""}"
TN0000423,BR0430,PID00423,Passenger 423,"{""email"": ""passenger423@example.com""}"
TN0000424,BR0846,PID00424,Passenger 424,"{""email"": ""passenger424@example.com""}"
TN0000425,BR0982,PID00425,Passenger 425,"{""email"": ""passenger425@example.com""}"
TN0000426,BR0854,PID00426,Passenger 426,"{""email"": ""passenger426@example.com""}"
TN0000427,BR0629,PID00427,Passenger 427,"{""email"": ""passenger427@example.com""}"
TN0000428,BR0881,PID00428,Passenger 428,"{""email"": ""passenger428@example.com""}"
TN0000429,BR0475,PID00429,Passenger 429,"{""email"": ""passenger429@example.com""}"
TN0000430,BR0129,PID00430,Passenger 430,"{""email"": ""passenger430@example.com""}"
TN0000431,BR0632,PID00431,Passenger 431,"{""email"": ""passenger431@example.com""}"
TN0000432,BR0308,PID00432,Passenger 432,"{""email"": ""passenger432@example.com""}"
TN0000433,BR0220,PID00433,Passenger 433,"{""email"": ""passenger433@example.com""}"
TN0000434,BR0331,PID00434,Passenger 434,"{""email"": ""passenger434@example.com""}"
TN0000435,BR0074,PID00435,Passenger 435,"{""email"": ""passenger435@example.com""}"
TN0000436,BR0103,PID00436,Passenger 436,"{""email"": ""passenger436@example.com""}"
TN0000437,BR0128,PID00437,Passenger 437,"{""email"": ""passenger437@example.com""}"
TN0000438,BR0826,PID00438,Passenger 438,"{""email"": ""passenger438@example.com""}"
TN0000439,BR0926,PID00439,Passenger 439,"{""email"": ""passenger439@example.com""}"
TN0000440,BR0928,PID00440,Passenger 440,"{""email"": ""passenger440@example.com""}"
TN0000441,BR0728,PID00441,Passenger 441,"{""email"": ""passenger441@example.com""}"
TN0000442,BR0126,PID00442,Passenger 442,"{""email"": ""passenger442@example.com""}"
TN0000443,BR0975,PID00443,Passenger 443,"{""email"": ""passenger443@example.com""}"
TN0000444,BR0780,PID00444,Passenger 444,"{""email"": ""passenger444@example.com""}"
TN0000445,BR0046,PID00445,Passenger 445,"{""email"": ""passenger445@example.com""}"
TN0000446,BR0615,PID00446,Passenger 446,"{""email"": ""passenger446@example.com""}"
TN0000447,BR0855,PID00447,Passenger 447,"{""email"": ""passenger447@example.com""}"
TN0000448,BR0340,PID00448,Passenger 448,"{""email"": ""passenger448@example.com""}"
TN0000449,BR0736,PID00449,Passenger 449,"{""email"": ""passenger449@example.com""}"
TN0000450,BR0756,PID00450,Passenger 450,"{""email"": ""passenger450@example.com""}"
TN0000451,BR0761,PID00451,Passenger 451,"{""email"": ""passenger451@example.com""}"
TN0000452,BR0436,PID00452,Passenger 452,"{""email"": ""passenger452@example.com""}"
TN0000453,BR0831,PID00453,Passenger 453,"{""email"": ""passenger453@example.com""}"
TN0000454,BR0433,PID00454,Passenger 454,"{""email"": ""passenger454@example.com""}"
TN0000455,BR0896,PID00455,Passenger 455,"{""email"": ""passenger455@example.com""}"
TN0000456,BR0667,PID00456,Passenger 456,"{""email"": ""passenger456@example.com""}"
TN0000457,BR0934,PID00457,Passenger 457,"{""email"": ""passenger457@example.com""}"
TN0000458,BR0805,PID00458,Passenger 458,"{""email"": ""passenger458@example.com""}"
TN0000459,BR0312,PID00459,Passenger 459,"{""email"": ""passenger459@example.com""}"
TN0000460,BR0568,PID00460,Passenger 460,"{""email"": ""passenger460@example.com""}"
TN0000461,BR0141,PID00461,Passenger 461,"{""email"": ""passenger461@example.com""}"
TN0000462,BR0269,PID00462,Passenger 462,"{""email"": ""passenger462@example.com""}"
TN0000463,BR0998,PID00463,Passenger 463,"{""email"": ""passenger463@example.com""}"
TN0000464,BR0462,PID00464,Passenger 464,"{""email"": ""passenger464@example.com""}"
TN0000465,BR0397,PID00465,Passenger 465,"{""email"": ""passenger465@example.com""}"
TN0000466,BR0783,PID00466,Passenger 466,"{""email"": ""passenger466@example.com""}"
TN0000467,BR0277,PID00467,Passenger 467,"{""email"": ""passenger467@example.com""}"
TN0000468,BR0727,PID00468,Passenger 468,"{""email"": ""passenger468@example.com""}"
TN0000469,BR0603,PID00469,Passenger 469,"{""email"": ""passenger469@example.com""}"
TN0000470,BR0660,PID00470,Passenger 470,"{""email"": ""passenger470@example.com""}"
TN0000471,BR0873,PID00471,Passenger 471,"{""email"": ""passenger471@example.com""}"
TN0000472,BR0559,PID00472,Passenger 472,"{""email"": ""passenger472@example.com""}"
TN0000473,BR0191,PID00473,Passenger 473,"{""email"": ""passenger473@example.com""}"
TN0000474,BR0593,PID00474,Passenger 474,"{""email"": ""passenger474@example.com""}"
TN0000475,BR0180,PID00475,Passenger 475,"{""email"": ""passenger475@example.com""}"
TN0000476,BR0126,PID00476,Passenger 476,"{""email"": ""passenger476@example.com""}"
TN0000477,BR0081,PID00477,Passenger 477,"{""email"": ""passenger477@example.com""}"
TN0000478,BR0532,PID00478,Passenger 478,"{""email"": ""passenger478@example.com""}"
TN0000479,BR0675,PID00479,Passenger 479,"{""email"": ""passenger479@example.com""}"
TN0000480,BR0428,PID00480,Passenger 480,"{""email"": ""passenger480@example.com""}"
TN0000481,BR0085,PID00481,Passenger 481,"{""email"": ""passenger481@example.com""}"
TN0000482,BR0581,PID00482,Passenger 482,"{""email"": ""passenger482@example.com""}"
TN0000483,BR0795,PID00483,Passenger 483,"{""email"": ""passenger483@example.com""}"
TN0000484,BR0860,PID00484,Passenger 484,"{""email"": ""passenger484@example.com""}"
TN0000485,BR0361,PID00485,Passenger 485,"{""email"": ""passenger485@example.com""}"
TN0000486,BR0018,PID00486,Passenger 486,"{""email"": ""passenger486@example.com""}"
TN0000487,BR0469,PID00487,Passenger 487,"{""email"": ""passenger487@example.com""}"
TN0000488,BR0402,PID00488,Passenger 488,"{""email"": ""passenger488@example.com""}"
TN0000489,BR0427,PID00489,Passenger 489,"{""email"": ""passenger489@example.com""}"
TN0000490,BR0884,PID00490,Passenger 490,"{""email"": ""passenger490@example.com""}"
TN0000491,BR0752,PID00491,Passenger 491,"{""email"": ""passenger491@example.com""}"
TN0000492,BR0823,PID00492,Passenger 492,"{""email"": ""passenger492@example.com""}"
TN0000493,BR0121,PID00493,Passenger 493,"{""email"": ""passenger493@example.com""}"
TN0000494,BR0950,PID00494,Passenger 494,"{""email"": ""passenger494@example.com""}"
TN0000495,BR0138,PID00495,Passenger 495,"{""email"": ""passenger495@example.com""}"
TN0000496,BR0820,PID00496,Passenger 496,"{""email"": ""passenger496@example.com""}"
TN0000497,BR0747,PID00497,Passenger 497,"{""email"": ""passenger497@example.com""}"
TN0000498,BR0410,PID00498,Passenger 498,"{""email"": ""passenger498@example.com""}"
TN0000499,BR0987,PID00499,Passenger 499,"{""email"": ""passenger499@example.com""}"
TN0000500,BR0378,PID00500,Passenger 500,"{""email"": ""passenger500@example.com""}"
TN0000501,BR0007,PID00501,Passenger 501,"{""email"": ""passenger501@example.com""}"
TN0000502,BR0989,PID00502,Passenger 502,"{""email"": ""passenger502@example.com""}"
TN0000503,BR0713,PID00503,Passenger 503,"{""email"": ""passenger503@example.com""}"
TN0000504,BR0390,PID00504,Passenger 504,"{""email"": ""passenger504@example.com""}"
TN0000505,BR0143,PID00505,Passenger 505,"{""email"": ""passenger505@example.com""}"
TN0000506,BR0853,PID00506,Passenger 506,"{""email"": ""passenger506@example.com""}"
TN0000507,BR0286,PID00507,Passenger 507,"{""email"": ""passenger507@example.com""}"
TN0000508,BR0470,PID00508,Passenger 508,"{""email"": ""passenger508@example.com""}"
TN0000509,BR0055,PID00509,Passenger 509,"{""email"": ""passenger509@example.com""}"
TN0000510,BR0644,PID00510,Passenger 510,"{""email"": ""passenger510@example.com""}"
TN0000511,BR0676,PID00511,Passenger 511,"{""email"": ""passenger511@example.com""}"
TN0000512,BR0880,PID00512,Passenger 512,"{""email"": ""passenger512@example.com""}"
TN0000513,BR0718,PID00513,Passenger 513,"{""email"": ""passenger513@example.com""}"
TN0000514,BR0878,PID00514,Passenger 514,"{""email"": ""passenger514@example.com""}"
TN0000515,BR0236,PID00515,Passenger 515,"{""email"": ""passenger515@example.com""}"
TN0000516,BR0760,PID00516,Passenger 516,"{""email"": ""passenger516@example.com""}"
TN0000517,BR0730,PID00517,Passenger 517,"{""email"": ""passenger517@example.com""}"
TN0000518,BR0233,PID00518,Passenger 518,"{""email"": ""passenger518@example.com""}"
TN0000519,BR0034,PID00519,Passenger 519,"{""email"": ""passenger519@example.com""}"
TN0000520,BR0066,PID00520,Passenger 520,"{""email"": ""passenger520@example.com""}"
TN0000521,BR0815,PID00521,Passenger 521,"{""email"": ""passenger521@example.com""}"
TN0000522,BR0061,PID00522,Passenger 522,"{""email"": ""passenger522@example.com""}"
TN0000523,BR0139,PID00523,Passenger 523,"{""email"": ""passenger523@example.com""}"
TN0000524,BR0927,PID00524,Passenger 524,"{""email"": ""passenger524@example.com""}"
TN0000525,BR0893,PID00525,Passenger 525,"{""email"": ""passenger525@example.com""}"
TN0000526,BR0923,PID00526,Passenger 526,"{""email"": ""passenger526@example.com""}"
TN0000527,BR0142,PID00527,Passenger 527,"{""email"": ""passenger527@example.com""}"
TN0000528,BR0544,PID00528,Passenger 528,"{""email"": ""passenger528@example.com""}"
TN0000529,BR0537,PID00529,Passenger 529,"{""email"": ""passenger529@example.com""}"
TN0000530,BR0303,PID00530,Passenger 530,"{""email"": ""passenger530@example.com""}"
TN0000531,BR0673,PID00531,Passenger 531,"{""email"": ""passenger531@example.com""}"
TN0000532,BR0667,PID00532,Passenger 532,"{""email"": ""passenger532@example.com""}"
TN0000533,BR0516,PID00533,Passenger 533,"{""email"": ""passenger533@example.com""}"
TN0000534,BR0607,PID00534,Passenger 534,"{""email"": ""passenger534@example.com""}"
TN0000535,BR0448,PID00535,Passenger 535,"{""email"": ""passenger535@example.com""}"
TN0000536,BR0597,PID00536,Passenger 536,"{""email"": ""passenger536@example.com""}"
TN0000537,BR0763,PID00537,Passenger 537,"{""email"": ""passenger537@example.com""}"
TN0000538,BR0074,PID00538,Passenger 538,"{""email"": ""passenger538@example.com""}"
TN0000539,BR0514,PID00539,Passenger 539,"{""email"": ""passenger539@example.com""}"
TN0000540,BR0375,PID00540,Passenger 540,"{""email"": ""passenger540@example.com""}"
TN0000541,BR0064,PID00541,Passenger 541,"{""email"": ""passenger541@example.com""}"
TN0000542,BR0450,PID00542,Passenger 542,"{""email"": ""passenger542@example.com""}"
TN0000543,BR0685,PID00543,Passenger 543,"{""email"": ""passenger543@example.com""}"
TN0000544,BR0160,PID00544,Passenger 544,"{""email"": ""passenger544@example.com""}"
TN0000545,BR0065,PID00545,Passenger 545,"{""email"": ""passenger545@example.com""}"
TN0000546,BR0181,PID00546,Passenger 546,"{""email"": ""passenger546@example.com""}"
TN0000547,BR0695,PID00547,Passenger 547,"{""email"": ""passenger547@example.com""}"
TN0000548,BR0107,PID00548,Passenger 548,"{""email"": ""passenger548@example.com""}"
TN0000549,BR0075,PID00549,Passenger 549,"{""email"": ""passenger549@example.com""}"
TN0000550,BR0367,PID00550,Passenger 550,"{""email"": ""passenger550@example.com""}"
TN0000551,BR0799,PID00551,Passenger 551,"{""email"": ""passenger551@example.com""}"
TN0000552,BR0938,PID00552,Passenger 552,"{""email"": ""passenger552@example.com""}"
TN0000553,BR0480,PID00553,Passenger 553,"{""email"": ""passenger553@example.com""}"
TN0000554,BR0260,PID00554,Passenger 554,"{""email"": ""passenger554@example.com""}"
TN0000555,BR0883,PID00555,Passenger 555,"{""email"": ""passenger555@example.com""}"
TN0000556,BR0145,PID00556,Passenger 556,"{""email"": ""passenger556@example.com""}"
TN0000557,BR0737,PID00557,Passenger 557,"{""email"": ""passenger557@example.com""}"
TN0000558,BR0851,PID00558,Passenger 558,"{""email"": ""passenger558@example.com""}"
TN0000559,BR0949,PID00559,Passenger 559,"{""email"": ""passenger559@example.com""}"
TN0000560,BR0232,PID00560,Passenger 560,"{""email"": ""passenger560@example.com""}"
TN0000561,BR0603,PID00561,Passenger 561,"{""email"": ""passenger561@example.com""}"
TN0000562,BR0830,PID00562,Passenger 562,"{""email"": ""passenger562@example.com""}"
TN0000563,BR0360,PID00563,Passenger 563,"{""email"": ""passenger563@example.com""}"
TN0000564,BR0023,PID00564,Passenger 564,"{""email"": ""passenger564@example.com""}"
TN0000565,BR0410,PID00565,Passenger 565,"{""email"": ""passenger565@example.com""}"
TN0000566,BR0187,PID00566,Passenger 566,"{""email"": ""passenger566@example.com""}"
TN0000567,BR0085,PID00567,Passenger 567,"{""email"": ""passenger567@example.com""}"
TN0000568,BR0280,PID00568,Passenger 568,"{""email"": ""passenger568@example.com""}"
TN0000569,BR0506,PID00569,Passenger 569,"{""email"": ""passenger569@example.com""}"
TN0000570,BR0775,PID00570,Passenger 570,"{""email"": ""passenger570@example.com""}"
TN0000571,BR0648,PID00571,Passenger 571,"{""email"": ""passenger571@example.com""}"
TN0000572,BR0822,PID00572,Passenger 572,"{""email"": ""passenger572@example.com""}"
TN0000573,BR0214,PID00573,Passenger 573,"{""email"": ""passenger573@example.com""}"
TN0000574,BR0553,PID00574,Passenger 574,"{""email"": ""passenger574@example.com""}"
TN0000575,BR0136,PID00575,Passenger 575,"{""email"": ""passenger575@example.com""}"
TN0000576,BR0572,PID00576,Passenger 576,"{""email"": ""passenger576@example.com""}"
TN0000577,BR0042,PID00577,Passenger 577,"{""email"": ""passenger577@example.com""}"
TN0000578,BR0794,PID00578,Passenger 578,"{""email"": ""passenger578@example.com""}"
TN0000579,BR0010,PID00579,Passenger 579,"{""email"": ""passenger579@example.com""}"
TN0000580,BR0439,PID00580,Passenger 580,"{""email"": ""passenger580@example.com""}"
TN0000581,BR0225,PID00581,Passenger 581,"{""email"": ""passenger581@example.com""}"
TN0000582,BR0930,PID00582,Passenger 582,"{""email"": ""passenger582@example.com""}"
TN0000583,BR0497,PID00583,Passenger 583,"{""email"": ""passenger583@example.com""}"
TN0000584,BR0333,PID00584,Passenger 584,"{""email"": ""passenger584@example.com""}"
TN0000585,BR0594,PID00585,Passenger 585,"{""email"": ""passenger585@example.com""}"
TN0000586,BR0522,PID00586,Passenger 586,"{""email"": ""passenger586@example.com""}"
TN0000587,BR0365,PID00587,Passenger 587,"{""email"": ""passenger587@example.com""}"
TN0000588,BR0452,PID00588,Passenger 588,"{""email"": ""passenger588@example.com""}"
TN0000589,BR0592,PID00589,Passenger 589,"{""email"": ""passenger589@example.com""}"
TN0000590,BR0266,PID00590,Passenger 590,"{""email"": ""passenger590@example.com""}"
TN0000591,BR0086,PID00591,Passenger 591,"{""email"": ""passenger591@example.com""}"
TN0000592,BR0107,PID00592,Passenger 592,"{""email"": ""passenger592@example.com""}"
TN0000593,BR0944,PID00593,Passenger 593,"{""email"": ""passenger593@example.com""}"
TN0000594,BR0390,PID00594,Passenger 594,"{""email"": ""passenger594@example.com""}"
TN0000595,BR0176,PID00595,Passenger 595,"{""email"": ""passenger595@example.com""}"
TN0000596,BR0284,PID00596,Passenger 596,"{""email"": ""passenger596@example.com""}"
TN0000597,BR0668,PID00597,Passenger 597,"{""email"": ""passenger597@example.com""}"
TN0000598,BR0750,PID00598,Passenger 598,"{""email"": ""passenger598@example.com""}"
TN0000599,BR0789,PID00599,Passenger 599,"{""email"": ""passenger599@example.com""}"
TN0000600,BR0838,PID00600,Passenger 600,"{""email"": ""passenger600@example.com""}"
TN0000601,BR0833,PID00601,Passenger 601,"{""email"": ""passenger601@example.com""}"
TN0000602,BR0967,PID00602,Passenger 602,"{""email"": ""passenger602@example.com""}"
TN0000603,BR0006,PID00603,Passenger 603,"{""email"": ""passenger603@example.com""}"
TN0000604,BR0773,PID00604,Passenger 604,"{""email"": ""passenger604@example.com""}"
TN0000605,BR0979,PID00605,Passenger 605,"{""email"": ""passenger605@example.com""}"
TN0000606,BR0622,PID00606,Passenger 606,"{""email"": ""passenger606@example.com""}"
TN0000607,BR0180,PID00607,Passenger 607,"{""email"": ""passenger607@example.com""}"
TN0000608,BR0437,PID00608,Passenger 608,"{""email"": ""passenger608@example.com""}"
TN0000609,BR0036,PID00609,Passenger 609,"{""email"": ""passenger609@example.com""}"
TN0000610,BR0085,PID00610,Passenger 610,"{""email"": ""passenger610@example.com""}"
TN0000611,BR0759,PID00611,Passenger 611,"{""email"": ""passenger611@example.com""}"
TN0000612,BR0559,PID00612,Passenger 612,"{""email"": ""passenger612@example.com""}"
TN0000613,BR0708,PID00613,Passenger 613,"{""email"": ""passenger613@example.com""}"
TN0000614,BR0878,PID00614,Passenger 614,"{""email"": ""passenger614@example.com""}"
TN0000615,BR0072,PID00615,Passenger 615,"{""email"": ""passenger615@example.com""}"
TN0000616,BR0291,PID00616,Passenger 616,"{""email"": ""passenger616@example.com""}"
TN0000617,BR0748,PID00617,Passenger 617,"{""email"": ""passenger617@example.com""}"
TN0000618,BR0576,PID00618,Passenger 618,"{""email"": ""passenger618@example.com""}"
TN0000619,BR0085,PID00619,Passenger 619,"{""email"": ""passenger619@example.com""}"
TN0000620,BR0488,PID00620,Passenger 620,"{""email"": ""passenger620@example.com""}"
TN0000621,BR0128,PID00621,Passenger 621,"{""email"": ""passenger621@example.com""}"
TN0000622,BR0407,PID00622,Passenger 622,"{""email"": ""passenger622@example.com""}"
TN0000623,BR0866,PID00623,Passenger 623,"{""email"": ""passenger623@example.com""}"
TN0000624,BR0336,PID00624,Passenger 624,"{""email"": ""passenger624@example.com""}"
TN0000625,BR0020,PID00625,Passenger 625,"{""email"": ""passenger625@example.com""}"
TN0000626,BR0377,PID00626,Passenger 626,"{""email"": ""passenger626@example.com""}"
TN0000627,BR0416,PID00627,Passenger 627,"{""email"": ""passenger627@example.com""}"
TN0000628,BR0602,PID00628,Passenger 628,"{""email"": ""passenger628@example.com""}"
TN0000629,BR0550,PID00629,Passenger 629,"{""email"": ""passenger629@example.com""}"
TN0000630,BR0143,PID00630,Passenger 630,"{""email"": ""passenger630@example.com""}"
TN0000631,BR0480,PID00631,Passenger 631,"{""email"": ""passenger631@example.com""}"
TN0000632,BR0258,PID00632,Passenger 632,"{""email"": ""passenger632@example.com""}"
TN0000633,BR0419,PID00633,Passenger 633,"{""email"": ""passenger633@example.com""}"
TN0000634,BR0973,PID00634,Passenger 634,"{""email"": ""passenger634@example.com""}"
TN0000635,BR0950,PID00635,Passenger 635,"{""email"": ""passenger635@example.com""}"
TN0000636,BR0955,PID00636,Passenger 636,"{""email"": ""passenger636@example.com""}"
TN0000637,BR0861,PID00637,Passenger 637,"{""email"": ""passenger637@example.com""}"
TN0000638,BR0381,PID00638,Passenger 638,"{""email"": ""passenger638@example.com""}"
TN0000639,BR0187,PID00639,Passenger 639,"{""email"": ""passenger639@example.com""}"
TN0000640,BR0994,PID00640,Passenger 640,"{""email"": ""passenger640@example.com""}"
TN0000641,BR0939,PID00641,Passenger 641,"{""email"": ""passenger641@example.com""}"
TN0000642,BR0987,PID00642,Passenger 642,"{""email"": ""passenger642@example.com""}"
TN0000643,BR0291,PID00643,Passenger 643,"{""email"": ""passenger643@example.com""}"
TN0000644,BR0845,PID00644,Passenger 644,"{""email"": ""passenger644@example.com""}"
TN0000645,BR0404,PID00645,Passenger 645,"{""email"": ""passenger645@example.com""}"
TN0000646,BR0059,PID00646,Passenger 646,"{""email"": ""passenger646@example.com""}"
TN0000647,BR0478,PID00647,Passenger 647,"{""email"": ""passenger647@example.com""}"
TN0000648,BR0432,PID00648,Passenger 648,"{""email"": ""passenger648@example.com""}"
TN0000649,BR0397,PID00649,Passenger 649,"{""email"": ""passenger649@example.com""}"
TN0000650,BR0972,PID00650,Passenger 650,"{""email"": ""passenger650@example.com""}"
TN0000651,BR0115,PID00651,Passenger 651,"{""email"": ""passenger651@example.com""}"
TN0000652,BR0632,PID00652,Passenger 652,"{""email"": ""passenger652@example.com""}"
TN0000653,BR0089,PID00653,Passenger 653,"{""email"": ""passenger653@example.com""}"
TN0000654,BR0536,PID00654,Passenger 654,"{""email"": ""passenger654@example.com""}"
TN0000655,BR0830,PID00655,Passenger 655,"{""email"": ""passenger655@example.com""}"
TN0000656,BR0278,PID00656,Passenger 656,"{""email"": ""passenger656@example.com""}"
TN0000657,BR0380,PID00657,Passenger 657,"{""email"": ""passenger657@example.com""}"
TN0000658,BR0676,PID00658,Passenger 658,"{""email"": ""passenger658@example.com""}"
TN0000659,BR0285,PID00659,Passenger 659,"{""email"": ""passenger659@example.com""}"
TN0000660,BR0936,PID00660,Passenger 660,"{""email"": ""passenger660@example.com""}"
TN0000661,BR0488,PID00661,Passenger 661,"{""email"": ""passenger661@example.com""}"
TN0000662,BR0943,PID00662,Passenger 662,"{""email"": ""passenger662@example.com""}"
TN0000663,BR0793,PID00663,Passenger 663,"{""email"": ""passenger663@example.com""}"
TN0000664,BR0776,PID00664,Passenger 664,"{""email"": ""passenger664@example.com""}"
TN0000665,BR0599,PID00665,Passenger 665,"{""email"": ""passenger665@example.com""}"
TN0000666,BR0053,PID00666,Passenger 666,"{""email"": ""passenger666@example.com""}"
TN0000667,BR0822,PID00667,Passenger 667,"{""email"": ""passenger667@example.com""}"
TN0000668,BR0267,PID00668,Passenger 668,"{""email"": ""passenger668@example.com""}"
TN0000669,BR0830,PID00669,Passenger 669,"{""email"": ""passenger669@example.com""}"
TN0000670,BR0507,PID00670,Passenger 670,"{""email"": ""passenger670@example.com""}"
TN0000671,BR0584,PID00671,Passenger 671,"{""email"": ""passenger671@example.com""}"
TN0000672,BR0447,PID00672,Passenger 672,"{""email"": ""passenger672@example.com""}"
TN0000673,BR0374,PID00673,Passenger 673,"{""email"": ""passenger673@example.com""}"
TN0000674,BR0333,PID00674,Passenger 674,"{""email"": ""passenger674@example.com""}"
TN0000675,BR0904,PID00675,Passenger 675,"{""email"": ""passenger675@example.com""}"
TN0000676,BR0524,PID00676,Passenger 676,"{""email"": ""passenger676@example.com""}"
TN0000677,BR0807,PID00677,Passenger 677,"{""email"": ""passenger677@example.com""}"
TN0000678,BR0314,PID00678,Passenger 678,"{""email"": ""passenger678@example.com""}"
TN0000679,BR0241,PID00679,Passenger 679,"{""email"": ""passenger679@example.com""}"
TN0000680,BR0955,PID00680,Passenger 680,"{""email"": ""passenger680@example.com""}"
TN0000681,BR0149,PID00681,Passenger 681,"{""email"": ""passenger681@example.com""}"
TN0000682,BR0258,PID00682,Passenger 682,"{""email"": ""passenger682@example.com""}"
TN0000683,BR0517,PID00683,Passenger 683,"{""email"": ""passenger683@example.com""}"
TN0000684,BR0880,PID00684,Passenger 684,"{""email"": ""passenger684@example.com""}"
TN0000685,BR0746,PID00685,Passenger 685,"{""email"": ""passenger685@example.com""}"
TN0000686,BR0242,PID00686,Passenger 686,"{""email"": ""passenger686@example.com""}"
TN0000687,BR0350,PID00687,Passenger 687,"{""email"": ""passenger687@example.com""}"
TN0000688,BR0194,PID00688,Passenger 688,"{""email"": ""passenger688@example.com""}"
TN0000689,BR0884,PID00689,Passenger 689,"{""email"": ""passenger689@example.com""}"
TN0000690,BR0058,PID00690,Passenger 690,"{""email"": ""passenger690@example.com""}"
TN0000691,BR0435,PID00691,Passenger 691,"{""email"": ""passenger691@example.com""}"
TN0000692,BR0407,PID00692,Passenger 692,"{""email"": ""passenger692@example.com""}"
TN0000693,BR0002,PID00693,Passenger 693,"{""email"": ""passenger693@example.com""}"
TN0000694,BR0272,PID00694,Passenger 694,"{""email"": ""passenger694@example.com""}"
TN0000695,BR0637,PID00695,Passenger 695,"{""email"": ""passenger695@example.com""}"
TN0000696,BR0548,PID00696,Passenger 696,"{""email"": ""passenger696@example.com""}"
TN0000697,BR0655,PID00697,Passenger 697,"{""email"": ""passenger697@example.com""}"
TN0000698,BR0500,PID00698,Passenger 698,"{""email"": ""passenger698@example.com""}"
TN0000699,BR0551,PID00699,Passenger 699,"{""email"": ""passenger699@example.com""}"
TN0000700,BR0857,PID00700,Passenger 700,"{""email"": ""passenger700@example.com""}"
TN0000701,BR0256,PID00701,Passenger 701,"{""email"": ""passenger701@example.com""}"
TN0000702,BR0393,PID00702,Passenger 702,"{""email"": ""passenger702@example.com""}"
TN0000703,BR0016,PID00703,Passenger 703,"{""email"": ""passenger703@example.com""}"
TN0000704,BR0532,PID00704,Passenger 704,"{""email"": ""passenger704@example.com""}"
TN0000705,BR0693,PID00705,Passenger 705,"{""email"": ""passenger705@example.com""}"
TN0000706,BR0501,PID00706,Passenger 706,"{""email"": ""passenger706@example.com""}"
TN0000707,BR0510,PID00707,Passenger 707,"{""email"": ""passenger707@example.com""}"
TN0000708,BR0363,PID00708,Passenger 708,"{""email"": ""passenger708@example.com""}"
TN0000709,BR0081,PID00709,Passenger 709,"{""email"": ""passenger709@example.com""}"
TN0000710,BR0532,PID00710,Passenger 710,"{""email"": ""passenger710@example.com""}"
TN0000711,BR0976,PID00711,Passenger 711,"{""email"": ""passenger711@example.com""}"
TN0000712,BR0303,PID00712,Passenger 712,"{""email"": ""passenger712@example.com""}"
TN0000713,BR0300,PID00713,Passenger 713,"{""email"": ""passenger713@example.com""}"
TN0000714,BR0834,PID00714,Passenger 714,"{""email"": ""passenger714@example.com""}"
TN0000715,BR0255,PID00715,Passenger 715,"{""email"": ""passenger715@example.com""}"
TN0000716,BR0963,PID00716,Passenger 716,"{""email"": ""passenger716@example.com""}"
TN0000717,BR0199,PID00717,Passenger 717,"{""email"": ""passenger717@example.com""}"
TN0000718,BR0611,PID00718,Passenger 718,"{""email"": ""passenger718@example.com""}"
TN0000719,BR0341,PID00719,Passenger 719,"{""email"": ""passenger719@example.com""}"
TN0000720,BR0511,PID00720,Passenger 720,"{""email"": ""passenger720@example.com""}"
TN0000721,BR0953,PID00721,Passenger 721,"{""email"": ""passenger721@example.com""}"
TN0000722,BR0114,PID00722,Passenger 722,"{""email"": ""passenger722@example.com""}"
TN0000723,BR0158,PID00723,Passenger 723,"{""email"": ""passenger723@example.com""}"
TN0000724,BR0406,PID00724,Passenger 724,"{""email"": ""passenger724@example.com""}"
TN0000725,BR0657,PID00725,Passenger 725,"{""email"": ""passenger725@example.com""}"
TN0000726,BR0531,PID00726,Passenger 726,"{""email"": ""passenger726@example.com""}"
TN0000727,BR0449,PID00727,Passenger 727,"{""email"": ""passenger727@example.com""}"
TN0000728,BR0299,PID00728,Passenger 728,"{""email"": ""passenger728@example.com""}"
TN0000729,BR0113,PID00729,Passenger 729,"{""email"": ""passenger729@example.com""}"
TN0000730,BR0096,PID00730,Passenger 730,"{""email"": ""passenger730@example.com""}"
TN0000731,BR0184,PID00731,Passenger 731,"{""email"": ""passenger731@example.com""}"
TN0000732,BR0345,PID00732,Passenger 732,"{""email"": ""passenger732@example.com""}"
TN0000733,BR0607,PID00733,Passenger 733,"{""email"": ""passenger733@example.com""}"
TN0000734,BR0351,PID00734,Passenger 734,"{""email"": ""passenger734@example.com""}"
TN0000735,BR0482,PID00735,Passenger 735,"{""email"": ""passenger735@example.com""}"
TN0000736,BR0785,PID00736,Passenger 736,"{""email"": ""passenger736@example.com""}"
TN0000737,BR0841,PID00737,Passenger 737,"{""email"": ""passenger737@example.com""}"
TN0000738,BR0978,PID00738,Passenger 738,"{""email"": ""passenger738@example.com""}"
TN0000739,BR0709,PID00739,Passenger 739,"{""email"": ""passenger739@example.com""}"
TN0000740,BR0725,PID00740,Passenger 740,"{""email"": ""passenger740@example.com""}"
TN0000741,BR0189,PID00741,Passenger 741,"{""email"": ""passenger741@example.com""}"
TN0000742,BR0598,PID00742,Passenger 742,"{""email"": ""passenger742@example.com""}"
TN0000743,BR0356,PID00743,Passenger 743,"{""email"": ""passenger743@example.com""}"
TN0000744,BR0923,PID00744,Passenger 744,"{""email"": ""passenger744@example.com""}"
TN0000745,BR0982,PID00745,Passenger 745,"{""email"": ""passenger745@example.com""}"
TN0000746,BR0624,PID00746,Passenger 746,"{""email"": ""passenger746@example.com""}"
TN0000747,BR0296,PID00747,Passenger 747,"{""email"": ""passenger747@example.com""}"
TN0000748,BR0259,PID00748,Passenger 748,"{""email"": ""passenger748@example.com""}"
TN0000749,BR0773,PID00749,Passenger 749,"{""email"": ""passenger749@example.com""}"
TN0000750,BR0330,PID00750,Passenger 750,"{""email"": ""passenger750@example.com""}"
TN0000751,BR0633,PID00751,Passenger 751,"{""email"": ""passenger751@example.com""}"
TN0000752,BR0955,PID00752,Passenger 752,"{""email"": ""passenger752@example.com""}"
TN0000753,BR0703,PID00753,Passenger 753,"{""email"": ""passenger753@example.com""}"
TN0000754,BR0717,PID00754,Passenger 754,"{""email"": ""passenger754@example.com""}"
TN0000755,BR0157,PID00755,Passenger 755,"{""email"": ""passenger755@example.com""}"
TN0000756,BR0083,PID00756,Passenger 756,"{""email"": ""passenger756@example.com""}"
TN0000757,BR0926,PID00757,Passenger 757,"{""email"": ""passenger757@example.com""}"
TN0000758,BR0205,PID00758,Passenger 758,"{""email"": ""passenger758@example.com""}"
TN0000759,BR0171,PID00759,Passenger 759,"{""email"": ""passenger759@example.com""}"
TN0000760,BR0048,PID00760,Passenger 760,"{""email"": ""passenger760@example.com""}"
TN0000761,BR0613,PID00761,Passenger 761,"{""email"": ""passenger761@example.com""}"
TN0000762,BR0878,PID00762,Passenger 762,"{""email"": ""passenger762@example.com""}"
TN0000763,BR0480,PID00763,Passenger 763,"{""email"": ""passenger763@example.com""}"
TN0000764,BR0086,PID00764,Passenger 764,"{""email"": ""passenger764@example.com""}"
TN0000765,BR0391,PID00765,Passenger 765,"{""email"": ""passenger765@example.com""}"
TN0000766,BR0235,PID00766,Passenger 766,"{""email"": ""passenger766@example.com""}"
TN0000767,BR0974,PID00767,Passenger 767,"{""email"": ""passenger767@example.com""}"
TN0000768,BR0728,PID00768,Passenger 768,"{""email"": ""passenger768@example.com""}"
TN0000769,BR0440,PID00769,Passenger 769,"{""email"": ""passenger769@example.com""}"
TN0000770,BR0667,PID00770,Passenger 770,"{""email"": ""passenger770@example.com""}"
TN0000771,BR0053,PID00771,Passenger 771,"{""email"": ""passenger771@example.com""}"
TN0000772,BR0349,PID00772,Passenger 772,"{""email"": ""passenger772@example.com""}"
TN0000773,BR0101,PID00773,Passenger 773,"{""email"": ""passenger773@example.com""}"
TN0000774,BR0896,PID00774,Passenger 774,"{""email"": ""passenger774@example.com""}"
TN0000775,BR0065,PID00775,Passenger 775,"{""email"": ""passenger775@example.com""}"
TN0000776,BR0921,PID00776,Passenger 776,"{""email"": ""passenger776@example.com""}"
TN0000777,BR0656,PID00777,Passenger 777,"{""email"": ""passenger777@example.com""}"
TN0000778,BR0231,PID00778,Passenger 778,"{""email"": ""passenger778@example.com""}"
TN0000779,BR0032,PID00779,Passenger 779,"{""email"": ""passenger779@example.com""}"
TN0000780,BR0094,PID00780,Passenger 780,"{""email"": ""passenger780@example.com""}"
TN0000781,BR0320,PID00781,Passenger 781,"{""email"": ""passenger781@example.com""}"
TN0000782,BR0831,PID00782,Passenger 782,"{""email"": ""passenger782@example.com""}"
TN0000783,BR0356,PID00783,Passenger 783,"{""email"": ""passenger783@example.com""}"
TN0000784,BR0091,PID00784,Passenger 784,"{""email"": ""passenger784@example.com""}"
TN0000785,BR0072,PID00785,Passenger 785,"{""email"": ""passenger785@example.com""}"
TN0000786,BR0132,PID00786,Passenger 786,"{""email"": ""passenger786@example.com""}"
TN0000787,BR0148,PID00787,Passenger 787,"{""email"": ""passenger787@example.com""}"
TN0000788,BR0879,PID00788,Passenger 788,"{""email"": ""passenger788@example.com""}"
TN0000789,BR0955,PID00789,Passenger 789,"{""email"": ""passenger789@example.com""}"
TN0000790,BR0987,PID00790,Passenger 790,"{""email"": ""passenger790@example.com""}"
TN0000791,BR0652,PID00791,Passenger 791,"{""email"": ""passenger791@example.com""}"
TN0000792,BR0350,PID00792,Passenger 792,"{""email"": ""passenger792@example.com""}"
TN0000793,BR0417,PID00793,Passenger 793,"{""email"": ""passenger793@example.com""}"
TN0000794,BR0510,PID00794,Passenger 794,"{""email"": ""passenger794@example.com""}"
TN0000795,BR0158,PID00795,Passenger 795,"{""email"": ""passenger795@example.com""}"
TN0000796,BR0445,PID00796,Passenger 796,"{""email"": ""passenger796@example.com""}"
TN0000797,BR0054,PID00797,Passenger 797,"{""email"": ""passenger797@example.com""}"
TN0000798,BR0293,PID00798,Passenger 798,"{""email"": ""passenger798@example.com""}"
TN0000799,BR0851,PID00799,Passenger 799,"{""email"": ""passenger799@example.com""}"
TN0000800,BR0744,PID00800,Passenger 800,"{""email"": ""passenger800@example.com""}"
TN0000801,BR0668,PID00801,Passenger 801,"{""email"": ""passenger801@example.com""}"
TN0000802,BR0809,PID00802,Passenger 802,"{""email"": ""passenger802@example.com""}"
TN0000803,BR0843,PID00803,Passenger 803,"{""email"": ""passenger803@example.com""}"
TN0000804,BR0888,PID00804,Passenger 804,"{""email"": ""passenger804@example.com""}"
TN0000805,BR0198,PID00805,Passenger 805,"{""email"": ""passenger805@example.com""}"
TN0000806,BR0690,PID00806,Passenger 806,"{""email"": ""passenger806@example.com""}"
TN0000807,BR0831,PID00807,Passenger 807,"{""email"": ""passenger807@example.com""}"
TN0000808,BR0796,PID00808,Passenger 808,"{""email"": ""passenger808@example.com""}"
TN0000809,BR0342,PID00809,Passenger 809,"{""email"": ""passenger809@example.com""}"
TN0000810,BR0798,PID00810,Passenger 810,"{""email"": ""passenger810@example.com""}"
TN0000811,BR0879,PID00811,Passenger 811,"{""email"": ""passenger811@example.com""}"
TN0000812,BR0885,PID00812,Passenger 812,"{""email"": ""passenger812@example.com""}"
TN0000813,BR0963,PID00813,Passenger 813,"{""email"": ""passenger813@example.com""}"
TN0000814,BR0162,PID00814,Passenger 814,"{""email"": ""passenger814@example.com""}"
TN0000815,BR0527,PID00815,Passenger 815,"{""email"": ""passenger815@example.com""}"
TN0000816,BR0052,PID00816,Passenger 816,"{""email"": ""passenger816@example.com""}"
TN0000817,BR0741,PID00817,Passenger 817,"{""email"": ""passenger817@example.com""}"
TN0000818,BR0882,PID00818,Passenger 818,"{""email"": ""passenger818@example.com""}"
TN0000819,BR0927,PID00819,Passenger 819,"{""email"": ""passenger819@example.com""}"
TN0000820,BR0509,PID00820,Passenger 820,"{""email"": ""passenger820@example.com""}"
TN0000821,BR0134,PID00821,Passenger 821,"{""email"": ""passenger821@example.com""}"
TN0000822,BR0320,PID00822,Passenger 822,"{""email"": ""passenger822@example.com""}"
TN0000823,BR0308,PID00823,Passenger 823,"{""email"": ""passenger823@example.com""}"
TN0000824,BR0182,PID00824,Passenger 824,"{""email"": ""passenger824@example.com""}"
TN0000825,BR0089,PID00825,Passenger 825,"{""email"": ""passenger825@example.com""}"
TN0000826,BR0508,PID00826,Passenger 826,"{""email"": ""passenger826@example.com""}"
TN0000827,BR0539,PID00827,Passenger 827,"{""email"": ""passenger827@example.com""}"
TN0000828,BR0628,PID00828,Passenger 828,"{""email"": ""passenger828@example.com""}"
TN0000829,BR0150,PID00829,Passenger 829,"{""email"": ""passenger829@example.com""}"
TN0000830,BR0860,PID00830,Passenger 830,"{""email"": ""passenger830@example.com""}"
TN0000831,BR0597,PID00831,Passenger 831,"{""email"": ""passenger831@example.com""}"
TN0000832,BR0521,PID00832,Passenger 832,"{""email"": ""passenger832@example.com""}"
TN0000833,BR0113,PID00833,Passenger 833,"{""email"": ""passenger833@example.com""}"
TN0000834,BR0674,PID00834,Passenger 834,"{""email"": ""passenger834@example.com""}"
TN0000835,BR0620,PID00835,Passenger 835,"{""email"": ""passenger835@example.com""}"
TN0000836,BR0795,PID00836,Passenger 836,"{""email"": ""passenger836@example.com""}"
TN0000837,BR0645,PID00837,Passenger 837,"{""email"": ""passenger837@example.com""}"
TN0000838,BR0499,PID00838,Passenger 838,"{""email"": ""passenger838@example.com""}"
TN0000839,BR0172,PID00839,Passenger 839,"{""email"": ""passenger839@example.com""}"
TN0000840,BR0407,PID00840,Passenger 840,"{""email"": ""passenger840@example.com""}"
TN0000841,BR0444,PID00841,Passenger 841,"{""email"": ""passenger841@example.com""}"
TN0000842,BR0016,PID00842,Passenger 842,"{""email"": ""passenger842@example.com""}"
TN0000843,BR0970,PID00843,Passenger 843,"{""email"": ""passenger843@example.com""}"
TN0000844,BR0594,PID00844,Passenger 844,"{""email"": ""passenger844@example.com""}"
TN0000845,BR0582,PID00845,Passenger 845,"{""email"": ""passenger845@example.com""}"
TN0000846,BR0143,PID00846,Passenger 846,"{""email"": ""passenger846@example.com""}"
TN0000847,BR0798,PID00847,Passenger 847,"{""email"": ""passenger847@example.com""}"
TN0000848,BR0756,PID00848,Passenger 848,"{""email"": ""passenger848@example.com""}"
TN0000849,BR0418,PID00849,Passenger 849,"{""email"": ""passenger849@example.com""}"
TN0000850,BR0056,PID00850,Passenger 850,"{""email"": ""passenger850@example.com""}"
TN0000851,BR0081,PID00851,Passenger 851,"{""email"": ""passenger851@example.com""}"
TN0000852,BR0735,PID00852,Passenger 852,"{""email"": ""passenger852@example.com""}"
TN0000853,BR0326,PID00853,Passenger 853,"{""email"": ""passenger853@example.com""}"
TN0000854,BR0343,PID00854,Passenger 854,"{""email"": ""passenger854@example.com""}"
TN0000855,BR0404,PID00855,Passenger 855,"{""email"": ""passenger855@example.com""}"
TN0000856,BR0284,PID00856,Passenger 856,"{""email"": ""passenger856@example.com""}"
TN0000857,BR0532,PID00857,Passenger 857,"{""email"": ""passenger857@example.com""}"
TN0000858,BR0232,PID00858,Passenger 858,"{""email"": ""passenger858@example.com""}"
TN0000859,BR0272,PID00859,Passenger 859,"{""email"": ""passenger859@example.com""}"
TN0000860,BR0862,PID00860,Passenger 860,"{""email"": ""passenger860@example.com""}"
TN0000861,BR0652,PID00861,Passenger 861,"{""email"": ""passenger861@example.com""}"
TN0000862,BR0889,PID00862,Passenger 862,"{""email"": ""passenger862@example.com""}"
TN0000863,BR0684,PID00863,Passenger 863,"{""email"": ""passenger863@example.com""}"
TN0000864,BR0159,PID00864,Passenger 864,"{""email"": ""passenger864@example.com""}"
TN0000865,BR0958,PID00865,Passenger 865,"{""email"": ""passenger865@example.com""}"
TN0000866,BR0800,PID00866,Passenger 866,"{""email"": ""passenger866@example.com""}"
TN0000867,BR0761,PID00867,Passenger 867,"{""email"": ""passenger867@example.com""}"
TN0000868,BR0112,PID00868,Passenger 868,"{""email"": ""passenger868@example.com""}"
TN0000869,BR0536,PID00869,Passenger 869,"{""email"": ""passenger869@example.com""}"
TN0000870,BR0091,PID00870,Passenger 870,"{""email"": ""passenger870@example.com""}"
TN0000871,BR0741,PID00871,Passenger 871,"{""email"": ""passenger871@example.com""}"
TN0000872,BR0483,PID00872,Passenger 872,"{""email"": ""passenger872@example.com""}"
TN0000873,BR0592,PID00873,Passenger 873,"{""email"": ""passenger873@example.com""}"
TN0000874,BR0263,PID00874,Passenger 874,"{""email"": ""passenger874@example.com""}"
TN0000875,BR0512,PID00875,Passenger 875,"{""email"": ""passenger875@example.com""}"
TN0000876,BR0624,PID00876,Passenger 876,"{""email"": ""passenger876@example.com""}"
TN0000877,BR0082,PID00877,Passenger 877,"{""email"": ""passenger877@example.com""}"
TN0000878,BR0118,PID00878,Passenger 878,"{""email"": ""passenger878@example.com""}"
TN0000879,BR0983,PID00879,Passenger 879,"{""email"": ""passenger879@example.com""}"
TN0000880,BR0759,PID00880,Passenger 880,"{""email"": ""passenger880@example.com""}"
TN0000881,BR0601,PID00881,Passenger 881,"{""email"": ""passenger881@example.com""}"
TN0000882,BR0362,PID00882,Passenger 882,"{""email"": ""passenger882@example.com""}"
TN0000883,BR0872,PID00883,Passenger 883,"{""email"": ""passenger883@example.com""}"
TN0000884,BR0135,PID00884,Passenger 884,"{""email"": ""passenger884@example.com""}"
TN0000885,BR0203,PID00885,Passenger 885,"{""email"": ""passenger885@example.com""}"
TN0000886,BR0065,PID00886,Passenger 886,"{""email"": ""passenger886@example.com""}"
TN0000887,BR0951,PID00887,Passenger 887,"{""email"": ""passenger887@example.com""}"
TN0000888,BR0358,PID00888,Passenger 888,"{""email"": ""passenger888@example.com""}"
TN0000889,BR0962,PID00889,Passenger 889,"{""email"": ""passenger889@example.com""}"
TN0000890,BR0335,PID00890,Passenger 890,"{""email"": ""passenger890@example.com""}"
TN0000891,BR0877,PID00891,Passenger 891,"{""email"": ""passenger891@example.com""}"
TN0000892,BR0176,PID00892,Passenger 892,"{""email"": ""passenger892@example.com""}"
TN0000893,BR0237,PID00893,Passenger 893,"{""email"": ""passenger893@example.com""}"
TN0000894,BR0521,PID00894,Passenger 894,"{""email"": ""passenger894@example.com""}"
TN0000895,BR0392,PID00895,Passenger 895,"{""email"": ""passenger895@example.com""}"
TN0000896,BR0346,PID00896,Passenger 896,"{""email"": ""passenger896@example.com""}"
TN0000897,BR0719,PID00897,Passenger 897,"{""email"": ""passenger897@example.com""}"
TN0000898,BR0895,PID00898,Passenger 898,"{""email"": ""passenger898@example.com""}"
TN0000899,BR0479,PID00899,Passenger 899,"{""email"": ""passenger899@example.com""}"
TN0000900,BR0691,PID00900,Passenger 900,"{""email"": ""passenger900@example.com""}"
TN0000901,BR0484,PID00901,Passenger 901,"{""email"": ""passenger901@example.com""}"
TN0000902,BR0993,PID00902,Passenger 902,"{""email"": ""passenger902@example.com""}"
TN0000903,BR0527,PID00903,Passenger 903,"{""email"": ""passenger903@example.com""}"
TN0000904,BR0865,PID00904,Passenger 904,"{""email"": ""passenger904@example.com""}"
TN0000905,BR0337,PID00905,Passenger 905,"{""email"": ""passenger905@example.com""}"
TN0000906,BR0927,PID00906,Passenger 906,"{""email"": ""passenger906@example.com""}"
TN0000907,BR0886,PID00907,Passenger 907,"{""email"": ""passenger907@example.com""}"
TN0000908,BR0609,PID00908,Passenger 908,"{""email"": ""passenger908@example.com""}"
TN0000909,BR0738,PID00909,Passenger 909,"{""email"": ""passenger909@example.com""}"
TN0000910,BR0083,PID00910,Passenger 910,"{""email"": ""passenger910@example.com""}"
TN0000911,BR0378,PID00911,Passenger 911,"{""email"": ""passenger911@example.com""}"
TN0000912,BR0818,PID00912,Passenger 912,"{""email"": ""passenger912@example.com""}"
TN0000913,BR0631,PID00913,Passenger 913,"{""email"": ""passenger913@example.com""}"
TN0000914,BR0909,PID00914,Passenger 914,"{""email"": ""passenger914@example.com""}"
TN0000915,BR0676,PID00915,Passenger 915,"{""email"": ""passenger915@example.com""}"
TN0000916,BR0605,PID00916,Passenger 916,"{""email"": ""passenger916@example.com""}"
TN0000917,BR0711,PID00917,Passenger 917,"{""email"": ""passenger917@example.com""}"
TN0000918,BR0264,PID00918,Passenger 918,"{""email"": ""passenger918@example.com""}"
TN0000919,BR0949,PID00919,Passenger 919,"{""email"": ""passenger919@example.com""}"
TN0000920,BR0785,PID00920,Passenger 920,"{""email"": ""passenger920@example.com""}"
TN0000921,BR0569,PID00921,Passenger 921,"{""email"": ""passenger921@example.com""}"
TN0000922,BR0606,PID00922,Passenger 922,"{""email"": ""passenger922@example.com""}"
TN0000923,BR0802,PID00923,Passenger 923,"{""email"": ""passenger923@example.com""}"
TN0000924,BR0778,PID00924,Passenger 924,"{""email"": ""passenger924@example.com""}"
TN0000925,BR0473,PID00925,Passenger 925,"{""email"": ""passenger925@example.com""}"
TN0000926,BR0184,PID00926,Passenger 926,"{""email"": ""passenger926@example.com""}"
TN0000927,BR0325,PID00927,Passenger 927,"{""email"": ""passenger927@example.com""}"
TN0000928,BR0559,PID00928,Passenger 928,"{""email"": ""passenger928@example.com""}"
TN0000929,BR0429,PID00929,Passenger 929,"{""email"": ""passenger929@example.com""}"
TN0000930,BR0807,PID00930,Passenger 930,"{""email"": ""passenger930@example.com""}"
TN0000931,BR0769,PID00931,Passenger 931,"{""email"": ""passenger931@example.com""}"
TN0000932,BR0540,PID00932,Passenger 932,"{""email"": ""passenger932@example.com""}"
TN0000933,BR0493,PID00933,Passenger 933,"{""email"": ""passenger933@example.com""}"
TN0000934,BR0280,PID00934,Passenger 934,"{""email"": ""passenger934@example.com""}"
TN0000935,BR0221,PID00935,Passenger 935,"{""email"": ""passenger935@example.com""}"
TN0000936,BR0641,PID00936,Passenger 936,"{""email"": ""passenger936@example.com""}"
TN0000937,BR0888,PID00937,Passenger 937,"{""email"": ""passenger937@example.com""}"
TN0000938,BR0827,PID00938,Passenger 938,"{""email"": ""passenger938@example.com""}"
TN0000939,BR0523,PID00939,Passenger 939,"{""email"": ""passenger939@example.com""}"
TN0000940,BR0070,PID00940,Passenger 940,"{""email"": ""passenger940@example.com""}"
TN0000941,BR0393,PID00941,Passenger 941,"{""email"": ""passenger941@example.com""}"
TN0000942,BR0346,PID00942,Passenger 942,"{""email"": ""passenger942@example.com""}"
TN0000943,BR0946,PID00943,Passenger 943,"{""email"": ""passenger943@example.com""}"
TN0000944,BR0639,PID00944,Passenger 944,"{""email"": ""passenger944@example.com""}"
TN0000945,BR0443,PID00945,Passenger 945,"{""email"": ""passenger945@example.com""}"
TN0000946,BR0091,PID00946,Passenger 946,"{""email"": ""passenger946@example.com""}"
TN0000947,BR0673,PID00947,Passenger 947,"{""email"": ""passenger947@example.com""}"
TN0000948,BR0204,PID00948,Passenger 948,"{""email"": ""passenger948@example.com""}"
TN0000949,BR0482,PID00949,Passenger 949,"{""email"": ""passenger949@example.com""}"
TN0000950,BR0284,PID00950,Passenger 950,"{""email"": ""passenger950@example.com""}"
TN0000951,BR0035,PID00951,Passenger 951,"{""email"": ""passenger951@example.com""}"
TN0000952,BR0516,PID00952,Passenger 952,"{""email"": ""passenger952@example.com""}"
TN0000953,BR0995,PID00953,Passenger 953,"{""email"": ""passenger953@example.com""}"
TN0000954,BR0854,PID00954,Passenger 954,"{""email"": ""passenger954@example.com""}"
TN0000955,BR0331,PID00955,Passenger 955,"{""email"": ""passenger955@example.com""}"
TN0000956,BR0428,PID00956,Passenger 956,"{""email"": ""passenger956@example.com""}"
TN0000957,BR0796,PID00957,Passenger 957,"{""email"": ""passenger957@example.com""}"
TN0000958,BR0496,PID00958,Passenger 958,"{""email"": ""passenger958@example.com""}"
TN0000959,BR0067,PID00959,Passenger 959,"{""email"": ""passenger959@example.com""}"
TN0000960,BR0690,PID00960,Passenger 960,"{""email"": ""passenger960@example.com""}"
TN0000961,BR0356,PID00961,Passenger 961,"{""email"": ""passenger961@example.com""}"
TN0000962,BR0091,PID00962,Passenger 962,"{""email"": ""passenger962@example.com""}"
TN0000963,BR0556,PID00963,Passenger 963,"{""email"": ""passenger963@example.com""}"
TN0000964,BR0206,PID00964,Passenger 964,"{""email"": ""passenger964@example.com""}"
TN0000965,BR0708,PID00965,Passenger 965,"{""email"": ""passenger965@example.com""}"
TN0000966,BR0432,PID00966,Passenger 966,"{""email"": ""passenger966@example.com""}"
TN0000967,BR0996,PID00967,Passenger 967,"{""email"": ""passenger967@example.com""}"
TN0000968,BR0256,PID00968,Passenger 968,"{""email"": ""passenger968@example.com""}"
TN0000969,BR0845,PID00969,Passenger 969,"{""email"": ""passenger969@example.com""}"
TN0000970,BR0522,PID00970,Passenger 970,"{""email"": ""passenger970@example.com""}"
TN0000971,BR0225,PID00971,Passenger 971,"{""email"": ""passenger971@example.com""}"
TN0000972,BR0059,PID00972,Passenger 972,"{""email"": ""passenger972@example.com""}"
TN0000973,BR0114,PID00973,Passenger 973,"{""email"": ""passenger973@example.com""}"
TN0000974,BR0413,PID00974,Passenger 974,"{""email"": ""passenger974@example.com""}"
TN0000975,BR0278,PID00975,Passenger 975,"{""email"": ""passenger975@example.com""}"
TN0000976,BR0414,PID00976,Passenger 976,"{""email"": ""passenger976@example.com""}"
TN0000977,BR0931,PID00977,Passenger 977,"{""email"": ""passenger977@example.com""}"
TN0000978,BR0421,PID00978,Passenger 978,"{""email"": ""passenger978@example.com""}"
TN0000979,BR0937,PID00979,Passenger 979,"{""email"": ""passenger979@example.com""}"
TN0000980,BR0979,PID00980,Passenger 980,"{""email"": ""passenger980@example.com""}"
TN0000981,BR0416,PID00981,Passenger 981,"{""email"": ""passenger981@example.com""}"
TN0000982,BR0416,PID00982,Passenger 982,"{""email"": ""passenger982@example.com""}"
TN0000983,BR0839,PID00983,Passenger 983,"{""email"": ""passenger983@example.com""}"
TN0000984,BR0568,PID00984,Passenger 984,"{""email"": ""passenger984@example.com""}"
TN0000985,BR0810,PID00985,Passenger 985,"{""email"": ""passenger985@example.com""}"
TN0000986,BR0095,PID00986,Passenger 986,"{""email"": ""passenger986@example.com""}"
TN0000987,BR0179,PID00987,Passenger 987,"{""email"": ""passenger987@example.com""}"
TN0000988,BR0345,PID00988,Passenger 988,"{""email"": ""passenger988@example.com""}"
TN0000989,BR0787,PID00989,Passenger 989,"{""email"": ""passenger989@example.com""}"
TN0000990,BR0790,PID00990,Passenger 990,"{""email"": ""passenger990@example.com""}"
TN0000991,BR0728,PID00991,Passenger 991,"{""email"": ""passenger991@example.com""}"
TN0000992,BR0004,PID00992,Passenger 992,"{""email"": ""passenger992@example.com""}"
TN0000993,BR0451,PID00993,Passenger 993,"{""email"": ""passenger993@example.com""}"
TN0000994,BR0264,PID00994,Passenger 994,"{""email"": ""passenger994@example.com""}"
TN0000995,BR0901,PID00995,Passenger 995,"{""email"": ""passenger995@example.com""}"
TN0000996,BR0050,PID00996,Passenger 996,"{""email"": ""passenger996@example.com""}"
TN0000997,BR0688,PID00997,Passenger 997,"{""email"": ""passenger997@example.com""}"
TN0000998,BR0106,PID00998,Passenger 998,"{""email"": ""passenger998@example.com""}"
TN0000999,BR0035,PID00999,Passenger 999,"{""email"": ""passenger999@example.com""}"
TN0001000,BR0063,PID01000,Passenger 1000,"{""email"": ""passenger1000@example.com""}"
